id,web_name,full_name,team_name,position,status,price,total_points,minutes,goals_scored,assists,clean_sheets,goals_conceded,saves,bonus,yellow_cards,red_cards,penalties_missed,penalties_saved,own_goals,bps,influence,creativity,threat,ict_index,form,points_per_game,ep_this,ep_next,selected_pct,in_dreamteam
430,Haaland,Erling Haaland,Man City,FWD,a,14.7,85,773,11,1,5,6,0,20,0,0,0,0,0,354,417.4,59.6,525.0,100.3,7.7,9.4,8.2,8.2,68.6,True
82,Semenyo,Antoine Semenyo,Bournemouth,MID,a,8.1,73,810,6,4,4,11,0,9,2,0,0,0,0,211,320.0,148.5,256.0,72.6,8.3,8.1,8.3,7.8,64.4,True
5,Gabriel,Gabriel dos Santos Magalhães,Arsenal,DEF,a,6.5,68,810,1,1,6,3,0,11,0,0,0,0,0,234,261.2,35.9,80.0,37.7,10.0,7.6,7.9,11.0,36.6,True
8,J.Timber,Jurriën Timber,Arsenal,DEF,a,6.1,60,701,2,2,5,3,0,7,2,0,0,0,0,230,219.6,171.6,191.0,58.4,7.7,6.7,8.2,8.7,23.5,True
575,Van de Ven,Micky van de Ven,Spurs,DEF,a,4.7,55,799,3,0,4,7,0,5,2,0,0,0,0,198,231.2,32.5,120.0,38.4,8.3,6.1,8.3,7.8,31.8,True
260,Guéhi,Marc Guéhi,Crystal Palace,DEF,a,4.9,54,810,1,3,3,9,0,3,0,0,0,0,0,180,219.4,77.3,101.0,39.8,3.7,6.0,3.2,3.7,32.6,True
7,Calafiori,Riccardo Calafiori,Arsenal,DEF,a,5.8,54,695,1,2,6,3,0,3,3,0,0,0,0,181,122.6,78.2,129.0,32.9,6.0,6.0,6.5,7.0,15.5,True
72,Senesi,Marcos Senesi Barón,Bournemouth,DEF,a,5.0,53,797,0,2,4,11,0,6,3,0,0,0,0,172,288.4,69.1,29.0,38.7,3.0,5.9,3.0,2.5,26.8,False
670,Roefs,Robin Roefs,Sunderland,GKP,a,4.7,52,810,0,0,4,7,33,6,1,0,0,1,0,197,275.2,20.0,0.0,29.4,4.3,5.8,3.3,3.8,6.4,True
119,Mbeumo,Bryan Mbeumo,Man Utd,MID,a,8.2,51,775,4,1,2,13,0,8,0,0,0,0,0,191,220.8,289.3,291.0,80.1,10.0,5.7,10.0,10.0,21.8,True
21,Rice,Declan Rice,Arsenal,MID,a,6.7,50,713,1,4,5,3,0,7,0,0,0,0,0,191,193.2,266.7,72.0,53.2,7.0,5.6,7.5,8.0,13.4,True
256,Muñoz,Daniel Muñoz Mejía,Crystal Palace,DEF,a,5.7,48,810,1,3,3,9,0,2,3,0,0,0,0,163,208.2,104.1,164.0,47.5,6.7,5.3,6.2,6.7,14.1,False
241,Caicedo,Moisés Caicedo Corozo,Chelsea,MID,a,5.9,48,765,3,0,2,11,0,7,1,0,0,0,0,208,269.4,86.7,55.0,41.0,4.3,5.3,5.3,4.8,18.2,True
476,Burn,Dan Burn,Newcastle,DEF,a,5.1,47,810,0,1,5,8,0,4,3,0,0,0,0,135,155.2,44.6,41.0,24.1,5.0,5.2,5.5,5.5,10.8,False
36,Cash,Matty Cash,Aston Villa,DEF,a,4.6,46,786,2,0,3,7,0,5,2,0,0,0,0,158,204.8,122.3,40.0,36.9,6.3,5.1,5.8,5.3,5.0,False
1,Raya,David Raya Martín,Arsenal,GKP,a,5.7,46,810,0,0,6,3,16,3,1,0,0,0,0,192,155.4,10.1,0.0,16.5,6.0,5.1,6.5,7.0,29.7,False
469,Pope,Nick Pope,Newcastle,GKP,a,5.2,46,810,0,1,5,8,26,3,1,0,0,0,0,190,211.6,0.0,0.0,21.1,4.0,5.1,4.5,4.5,12.1,False
694,Mukiele,Nordi Mukiele,Sunderland,DEF,a,4.1,46,630,1,0,3,5,0,5,0,0,0,0,0,159,198.2,47.8,44.0,29.0,7.3,6.6,6.3,6.8,4.7,False
683,Alderete,Omar Alderete,Sunderland,DEF,d,4.1,45,667,1,1,3,6,0,4,1,0,0,0,0,143,228.4,38.6,77.0,34.4,2.0,5.6,0.0,0.8,6.0,False
136,Thiago,Igor Thiago Nascimento Rodrigues,Brentford,FWD,a,6.2,45,741,6,0,2,13,0,6,3,0,0,0,0,180,261.6,78.0,302.0,64.2,5.0,5.0,4.0,5.0,6.7,False
200,Anthony,Jaidon Anthony,Burnley,MID,a,5.7,45,745,4,1,3,13,0,5,3,0,0,0,0,154,227.8,115.5,193.0,53.6,1.7,5.0,1.2,0.7,6.8,False
673,J.Palhinha,João Maria Lobo Alves Palhares Costa Palhinha Gonçalves,Spurs,MID,a,5.5,44,693,2,1,3,7,0,8,2,0,0,0,0,171,210.8,43.0,70.0,32.5,5.0,4.9,5.0,4.5,1.6,False
582,Kudus,Mohammed Kudus,Spurs,MID,a,6.8,44,785,1,5,4,7,0,4,2,0,0,0,0,132,200.0,260.8,163.0,62.3,5.7,4.9,5.7,5.2,33.3,False
348,Rodon,Joe Rodon,Leeds,DEF,a,4.1,44,810,2,0,2,14,0,5,0,0,0,0,0,144,253.2,28.4,120.0,40.2,5.0,4.9,4.5,4.5,6.2,False
299,Ndiaye,Iliman Ndiaye,Everton,MID,a,6.5,43,763,3,1,2,12,0,1,2,0,0,0,0,177,232.4,170.8,169.0,57.3,3.8,4.8,3.8,4.3,11.2,False
74,Truffert,Adrien Truffert,Bournemouth,DEF,a,4.5,43,810,0,1,4,11,0,6,0,0,0,0,0,153,174.8,131.6,20.0,32.6,5.3,4.8,5.3,4.8,2.3,False
84,Tavernier,Marcus Tavernier,Bournemouth,MID,a,5.5,43,676,2,1,5,7,0,6,0,0,0,0,0,125,160.2,169.3,133.0,46.4,6.3,4.8,6.3,5.8,1.3,False
249,João Pedro,João Pedro Junqueira de Jesus,Chelsea,FWD,a,7.5,43,757,2,3,3,9,0,8,0,0,0,0,0,165,178.8,156.4,144.0,47.4,2.0,4.8,3.0,2.5,51.8,False
237,Enzo,Enzo Fernández,Chelsea,MID,a,6.7,43,708,3,2,2,11,0,3,1,0,0,0,0,169,209.6,182.4,205.0,59.8,1.3,5.4,2.3,1.8,14.8,False
568,Pedro Porro,Pedro Porro Sauceda,Spurs,DEF,a,5.5,42,725,0,2,4,6,0,2,1,0,0,0,0,172,168.8,198.8,25.0,39.5,6.3,4.7,6.3,5.8,19.4,False
205,Cullen,Josh Cullen,Burnley,MID,a,5.0,42,770,1,1,3,14,0,5,0,0,0,0,1,177,220.6,128.1,42.0,39.2,3.7,4.7,3.2,2.7,2.4,False
565,Vicario,Guglielmo Vicario,Spurs,GKP,a,5.1,42,810,0,0,4,7,26,5,0,0,0,0,0,190,216.8,0.1,0.0,21.7,3.3,4.7,3.3,2.8,10.6,False
226,Chalobah,Trevoh Chalobah,Chelsea,DEF,a,5.1,42,660,2,1,3,10,0,2,1,1,0,0,0,156,221.2,49.3,83.0,35.3,2.3,5.2,3.3,2.8,7.8,False
488,Bruno G.,Bruno Guimarães Rodriguez Moura,Newcastle,MID,a,6.5,42,715,3,1,4,8,0,6,2,0,0,0,0,171,174.2,178.8,97.0,45.0,8.7,5.2,9.2,9.2,2.9,False
384,Gakpo,Cody Gakpo,Liverpool,MID,a,7.6,42,705,3,2,2,13,0,2,0,0,0,0,0,165,190.6,266.9,246.0,70.5,5.3,4.7,6.3,6.3,14.9,False
381,M.Salah,Mohamed Salah,Liverpool,MID,a,14.3,42,804,3,2,2,14,0,2,1,0,0,0,0,132,181.4,252.2,268.0,70.1,3.3,4.7,4.3,4.3,27.2,False
624,Bowen,Jarrod Bowen,West Ham,FWD,a,7.8,42,810,3,1,1,20,0,9,0,0,0,0,0,191,205.6,161.6,215.0,58.3,4.5,4.7,5.0,4.0,8.4,False
257,Lacroix,Maxence Lacroix,Crystal Palace,DEF,a,5.0,42,810,0,1,3,9,0,2,1,0,0,0,0,158,211.2,31.5,48.0,29.0,2.7,4.7,2.2,2.7,3.7,False
387,Szoboszlai,Dominik Szoboszlai,Liverpool,MID,a,6.5,41,810,1,1,2,14,0,7,2,0,0,0,0,192,224.4,251.9,101.0,57.8,5.0,4.6,6.0,6.0,4.1,False
236,Neto,Pedro Lomba Neto,Chelsea,MID,a,7.0,40,669,2,2,3,6,0,4,0,0,0,0,0,165,163.8,219.7,109.0,49.3,7.3,4.4,8.3,7.8,5.4,False
267,Sarr,Ismaïla Sarr,Crystal Palace,MID,a,6.5,40,612,3,1,3,6,0,6,1,0,0,0,0,125,166.2,80.2,142.0,39.0,3.7,5.7,3.2,3.7,8.6,False
26,Zubimendi,Martín Zubimendi Ibáñez,Arsenal,MID,a,5.5,40,771,2,0,6,3,0,3,1,0,0,0,0,167,170.8,126.3,47.0,34.5,3.7,4.4,4.2,4.7,3.9,False
449,B.Fernandes,Bruno Borges Fernandes,Man Utd,MID,a,8.9,40,800,2,1,1,14,0,8,2,0,2,0,0,197,259.8,345.9,183.0,79.0,5.0,4.4,5.0,5.0,16.8,False
283,Mateta,Jean-Philippe Mateta,Crystal Palace,FWD,a,7.7,39,780,5,0,4,7,0,3,2,0,0,0,0,145,221.0,38.5,361.0,62.1,7.0,4.3,6.5,7.0,16.0,False
390,Gravenberch,Ryan Gravenberch,Liverpool,MID,d,5.6,39,601,2,2,2,8,0,7,2,0,0,0,0,165,178.0,104.8,52.0,33.5,1.3,5.6,1.7,1.7,4.4,False
532,Hume,Trai Hume,Sunderland,DEF,a,4.5,39,798,0,1,4,7,0,2,0,0,0,0,0,149,137.8,96.8,27.0,26.3,4.7,4.3,3.7,4.2,0.4,False
668,Xhaka,Granit Xhaka,Sunderland,MID,a,5.1,39,810,0,3,4,7,0,1,3,0,0,0,0,171,220.4,176.8,30.0,42.6,3.3,4.3,2.3,2.8,4.9,False
419,Grealish,Jack Grealish,Everton,MID,a,6.9,38,646,1,4,2,10,0,7,3,0,0,0,0,191,222.2,263.5,228.0,71.5,3.2,4.8,3.2,3.7,18.3,False
225,James,Reece James,Chelsea,DEF,a,5.5,38,603,1,3,2,9,0,3,2,0,0,0,0,159,182.2,199.0,52.0,43.4,7.7,4.2,8.7,8.2,7.5,False
258,Mitchell,Tyrick Mitchell,Crystal Palace,DEF,a,5.0,38,810,1,0,3,9,0,2,2,0,0,0,0,155,203.8,133.5,77.0,41.5,1.3,4.2,0.8,1.3,2.3,False
160,Minteh,Yankuba Minteh,Brighton,MID,a,6.0,38,772,1,3,1,13,0,3,0,0,0,0,0,162,164.4,199.2,213.0,57.8,3.0,4.2,3.0,3.5,3.7,False
261,Richards,Chris Richards,Crystal Palace,DEF,d,4.5,38,810,0,0,3,9,0,0,0,0,0,0,0,146,219.6,48.1,32.0,30.1,2.7,4.2,2.2,2.0,3.2,False
597,Richarlison,Richarlison de Andrade,Spurs,FWD,a,6.6,37,511,3,2,2,5,0,6,1,0,0,0,0,151,155.4,60.1,222.0,43.8,2.0,4.1,2.0,1.5,10.0,False
295,Keane,Michael Keane,Everton,DEF,a,4.5,37,784,1,0,2,12,0,1,0,0,0,0,0,105,214.0,18.8,70.0,30.2,4.2,4.1,4.2,4.7,1.1,False
477,Livramento,Tino Livramento,Newcastle,DEF,i,4.9,37,526,0,1,5,3,0,3,0,0,0,0,0,137,71.4,56.3,16.0,14.3,0.0,6.2,0.0,0.0,3.5,False
67,Petrović,Đorđe Petrović,Bournemouth,GKP,a,4.5,37,810,0,0,4,11,27,1,1,0,0,0,0,153,216.8,0.0,0.0,21.7,4.3,4.1,4.3,3.8,5.6,False
178,Welbeck,Danny Welbeck,Brighton,FWD,a,6.4,37,544,5,0,0,13,0,6,2,0,1,0,0,157,188.2,98.1,162.0,44.5,6.7,4.1,6.7,7.2,5.4,False
408,Rúben,Rúben dos Santos Gato Alves Dias,Man City,DEF,a,5.5,37,725,0,0,4,6,0,1,0,0,0,0,0,149,179.6,33.0,12.0,22.5,6.3,4.1,6.8,6.8,4.5,False
560,Isidor,Wilson Isidor,Sunderland,FWD,a,5.6,37,526,4,0,3,6,0,7,0,0,0,0,0,132,136.6,8.2,189.0,33.3,3.3,4.1,2.3,2.8,3.3,False
303,Garner,James Garner,Everton,MID,a,5.0,37,810,1,1,2,12,0,5,4,0,0,0,0,196,218.8,172.0,78.0,46.9,3.0,4.1,3.0,3.5,0.9,False
493,Longstaff,Sean Longstaff,Leeds,MID,a,4.9,36,655,1,2,1,10,0,4,0,0,0,0,0,185,194.0,273.1,40.0,50.8,3.3,4.0,2.8,2.8,1.1,False
661,Ekitiké,Hugo Ekitiké,Liverpool,FWD,a,8.6,36,499,3,1,2,8,0,7,0,0,0,0,0,122,154.6,66.7,128.0,34.5,1.3,4.5,2.3,2.3,16.6,False
266,Eze,Eberechi Eze,Arsenal,MID,a,7.6,36,542,1,3,5,2,0,3,0,0,0,0,0,123,119.0,87.8,165.0,37.2,6.7,4.5,7.2,7.7,13.8,False
291,Tarkowski,James Tarkowski,Everton,DEF,a,5.5,36,810,0,0,2,12,0,1,1,0,0,0,0,124,230.6,68.4,29.0,32.9,2.5,4.0,2.5,3.0,6.7,False
224,Cucurella,Marc Cucurella Saseta,Chelsea,DEF,a,6.1,36,716,0,2,3,10,0,4,2,0,0,0,0,167,173.8,191.4,60.0,42.5,5.3,4.0,6.3,5.8,22.3,False
531,Ballard,Daniel Ballard,Sunderland,DEF,a,4.6,35,399,1,0,2,2,0,5,0,0,0,0,0,112,177.8,43.3,131.0,35.3,5.0,5.0,4.0,4.5,2.4,False
324,Iwobi,Alex Iwobi,Fulham,MID,a,6.5,35,721,1,2,1,13,0,5,2,0,0,0,0,140,143.0,212.7,68.0,42.4,2.3,3.9,1.8,2.3,1.6,False
660,Stach,Anton Stach,Leeds,MID,a,5.1,35,678,1,2,2,13,0,3,1,0,0,0,0,128,132.4,205.8,74.0,41.3,1.3,4.4,0.8,0.8,2.9,False
373,Virgil,Virgil van Dijk,Liverpool,DEF,a,6.0,35,810,0,0,2,14,0,4,1,0,0,0,0,126,285.6,43.0,60.0,38.8,2.3,3.9,3.3,3.3,25.2,False
192,Hartman,Quilindschy Hartman,Burnley,DEF,a,4.0,34,807,0,4,2,15,0,0,1,0,0,0,0,119,215.2,146.5,34.0,39.5,5.7,3.8,5.2,4.7,0.7,False
585,Bentancur,Rodrigo Bentancur,Spurs,MID,a,5.3,34,585,1,1,2,7,0,3,0,0,0,0,0,138,135.2,74.2,55.0,26.5,8.0,4.2,8.0,7.5,0.3,False
714,Woltemade,Nick Woltemade,Newcastle,FWD,a,7.5,34,478,4,0,4,3,0,6,0,0,0,0,0,120,143.8,50.5,156.0,35.3,5.3,5.7,5.8,5.8,22.7,False
427,Reijnders,Tijjani Reijnders,Man City,MID,a,5.6,33,740,1,2,3,7,0,2,2,0,0,0,0,141,135.4,162.5,141.0,43.5,1.7,3.7,2.2,2.2,26.7,False
83,O.Dango,Dango Ouattara,Brentford,MID,a,6.0,33,476,2,1,2,6,0,4,1,0,0,0,0,77,100.0,52.4,235.0,38.3,4.7,4.1,3.7,4.7,0.5,False
287,Pickford,Jordan Pickford,Everton,GKP,a,5.5,33,810,0,0,2,12,23,3,0,0,0,1,0,127,224.2,0.0,0.0,22.4,2.0,3.7,2.0,2.5,9.9,False
569,Romero,Cristian Romero,Spurs,DEF,i,5.0,32,630,0,1,3,5,0,3,3,0,0,0,0,132,150.8,29.2,50.0,22.9,0.3,4.6,0.0,0.0,4.7,False
47,Rogers,Morgan Rogers,Aston Villa,MID,a,6.8,32,801,1,2,3,8,0,0,0,0,0,0,0,108,136.8,134.6,113.0,38.5,5.0,3.6,4.5,4.0,4.9,False
37,Digne,Lucas Digne,Aston Villa,DEF,a,4.5,32,653,0,2,3,4,0,0,2,0,0,0,0,138,120.6,149.8,58.0,32.7,4.0,3.6,1.8,3.0,1.6,False
612,L.Paquetá,Lucas Tolentino Coelho de Lima,West Ham,MID,a,5.9,32,787,2,0,1,20,0,2,3,0,0,0,0,134,190.2,221.7,96.0,50.9,2.0,3.6,2.5,1.5,2.7,False
350,Aaronson,Brenden Aaronson,Leeds,MID,a,5.4,32,546,1,2,2,6,0,3,1,0,0,0,0,134,122.6,135.0,149.0,40.7,6.0,3.6,5.5,5.5,0.1,False
411,O’Reilly,Nico O'Reilly,Man City,DEF,a,4.9,32,503,0,1,4,2,0,2,2,0,0,0,0,121,124.0,101.1,50.0,27.5,5.7,4.0,6.2,6.2,1.1,False
6,Saliba,William Saliba,Arsenal,DEF,d,6.0,32,544,0,0,4,1,0,1,0,0,0,0,0,145,133.2,23.5,10.0,16.7,4.3,4.0,4.8,4.0,12.5,False
553,Talbi,Chemsdine Talbi,Sunderland,MID,a,5.0,32,553,1,2,4,2,0,2,0,0,0,0,0,93,82.2,89.3,78.0,24.9,4.3,3.6,3.3,3.8,0.2,False
593,P.M.Sarr,Pape Matar Sarr,Spurs,MID,a,4.9,31,390,2,2,3,1,0,0,0,0,0,0,0,115,105.2,38.4,70.0,21.4,2.7,3.9,2.7,2.2,1.7,False
120,Schade,Kevin Schade,Brentford,MID,a,7.0,31,740,2,2,2,9,0,1,3,0,1,0,0,106,152.8,137.4,199.0,49.0,4.7,3.4,3.7,4.7,0.6,False
470,Dúbravka,Martin Dúbravka,Burnley,GKP,a,4.0,31,810,0,0,2,17,38,2,0,0,0,0,0,141,290.6,0.0,0.0,29.2,4.3,3.4,3.8,3.3,34.4,False
648,Munetsi,Marshall Munetsi,Wolves,MID,a,5.4,31,692,1,2,0,14,0,1,1,0,0,0,0,108,139.8,56.9,158.0,35.4,5.7,3.4,6.2,5.7,0.1,False
418,Doku,Jérémy Doku,Man City,MID,a,6.5,31,472,0,4,3,2,0,3,0,0,0,0,0,111,123.2,215.7,159.0,49.7,1.0,3.4,1.5,1.5,6.0,False
666,Gyökeres,Viktor Gyökeres,Arsenal,FWD,a,9.0,30,756,3,0,5,3,0,2,1,0,0,0,0,104,121.6,73.4,275.0,46.9,2.0,3.3,2.5,3.0,22.1,False
478,Trippier,Kieran Trippier,Newcastle,DEF,a,5.0,30,609,0,0,4,7,0,2,0,0,0,0,0,123,101.8,226.5,4.0,33.1,3.0,3.8,3.5,3.5,2.7,False
106,Collins,Nathan Collins,Brentford,DEF,a,4.9,30,810,0,0,2,14,0,2,3,0,0,0,0,95,198.6,23.9,102.0,32.6,4.7,3.3,3.7,4.7,1.2,False
374,Konaté,Ibrahima Konaté,Liverpool,DEF,a,5.4,30,742,0,0,2,12,0,3,2,0,0,0,0,118,193.0,70.4,29.0,29.3,2.3,3.3,3.3,3.3,2.8,False
253,Henderson,Dean Henderson,Crystal Palace,GKP,a,5.0,30,810,0,0,3,9,20,0,1,0,0,0,0,136,177.4,10.0,0.0,18.5,1.7,3.3,1.2,1.7,7.5,False
407,Matheus N.,Matheus Nunes,Man City,DEF,a,5.3,30,513,1,1,2,4,0,2,1,0,0,0,0,124,130.6,72.4,24.0,22.7,4.7,4.3,5.2,5.2,0.8,False
317,Andersen,Joachim Andersen,Fulham,DEF,i,4.5,30,671,0,0,1,11,0,2,0,0,0,0,0,108,187.8,29.3,31.0,24.8,1.3,3.8,0.0,0.0,2.9,False
16,Saka,Bukayo Saka,Arsenal,MID,a,10.0,30,501,2,0,4,1,0,2,0,0,0,0,0,109,132.2,196.3,143.0,47.1,6.0,4.3,6.5,7.0,16.7,False
457,Casemiro,Carlos Henrique Casimiro,Man Utd,MID,a,5.5,30,456,2,2,2,4,0,2,3,1,0,0,0,113,142.0,55.8,62.0,26.0,6.3,3.8,6.3,6.3,0.3,False
90,Scott,Alex Scott,Bournemouth,MID,a,5.0,29,593,1,0,4,5,0,2,1,0,0,0,0,123,115.2,96.9,43.0,25.5,3.0,3.2,3.0,2.5,0.3,False
121,Damsgaard,Mikkel Damsgaard,Brentford,MID,a,5.8,29,565,1,1,2,8,0,3,0,0,0,0,0,121,148.0,195.3,81.0,42.5,4.0,4.1,3.0,4.0,0.6,False
101,Kelleher,Caoimhín Kelleher,Brentford,GKP,a,4.5,29,810,0,0,2,14,23,0,1,0,0,1,0,114,192.2,10.0,0.0,20.3,3.7,3.2,2.7,3.7,8.0,False
113,Van den Berg,Sepp van den Berg,Brentford,DEF,a,4.5,29,810,0,0,2,14,0,0,0,0,0,0,0,99,178.6,14.8,100.0,29.4,3.7,3.2,2.7,3.7,0.6,False
110,Kayode,Michael Kayode,Brentford,DEF,a,4.5,29,796,0,0,2,13,0,5,0,0,0,0,0,112,165.6,175.7,21.0,36.3,4.0,3.2,3.0,4.0,0.4,False
475,Botman,Sven Botman,Newcastle,DEF,a,4.9,29,488,0,0,3,5,0,4,0,0,0,0,0,108,129.6,23.0,41.0,19.3,3.0,4.1,3.5,3.5,0.7,False
436,De Ligt,Matthijs de Ligt,Man Utd,DEF,a,5.0,29,810,0,0,1,14,0,5,0,0,0,0,0,117,170.8,43.7,46.0,26.0,3.7,3.2,3.7,3.7,3.0,False
328,Sessegnon,Ryan Sessegnon,Fulham,MID,a,5.4,29,656,1,1,1,13,0,2,0,0,0,0,0,118,143.2,77.1,75.0,29.4,5.0,3.6,4.5,5.0,0.1,False
685,Diakité,Bafodé Diakité,Bournemouth,DEF,a,4.5,29,630,0,0,3,10,0,2,1,0,0,0,0,104,142.8,37.8,12.0,19.4,1.7,4.1,1.7,1.2,0.5,False
681,Šeško,Benjamin Sesko,Man Utd,FWD,a,7.3,28,494,2,1,1,9,0,5,1,0,0,0,0,90,122.6,92.3,205.0,41.5,4.7,3.1,4.7,4.7,5.3,False
151,Van Hecke,Jan Paul van Hecke,Brighton,DEF,a,4.4,28,810,1,0,0,15,0,3,2,0,0,0,1,91,260.6,30.0,66.0,35.8,5.7,3.1,5.7,6.2,1.2,False
573,Spence,Djed Spence,Spurs,DEF,a,4.5,28,578,0,0,4,4,0,0,2,0,0,0,0,91,68.6,52.3,28.0,14.8,2.3,3.5,2.3,1.8,1.8,False
302,Gana,Idrissa Gana Gueye,Everton,MID,a,5.4,28,769,1,0,2,10,0,1,0,0,0,0,0,147,112.0,69.9,68.0,25.0,2.0,3.1,2.0,2.5,0.1,False
517,Anderson,Elliot Anderson,Nott'm Forest,MID,a,5.3,28,810,0,1,0,17,0,1,2,0,0,0,0,162,171.6,234.0,67.0,47.4,2.3,3.1,2.3,2.3,3.2,False
217,Foster,Lyle Foster,Burnley,FWD,a,5.0,28,578,2,1,2,12,0,4,2,0,0,0,0,114,117.2,76.5,84.0,27.4,2.7,3.5,2.2,1.7,1.8,False
603,Diouf,El Hadji Malick Diouf,West Ham,DEF,a,4.4,28,765,0,4,1,19,0,1,1,0,0,0,0,64,169.2,125.3,43.0,33.8,2.5,3.1,3.0,2.0,3.5,False
50,Buendía,Emiliano Buendía Stati,Aston Villa,MID,a,5.3,28,365,2,2,1,3,0,4,2,0,0,0,0,88,130.4,90.5,93.0,31.5,3.7,3.5,3.2,2.7,0.3,False
187,Walker,Kyle Walker,Burnley,DEF,a,4.4,28,810,0,1,2,17,0,3,2,0,0,0,0,73,154.0,33.7,14.0,20.2,6.0,3.1,5.5,5.0,1.6,False
233,Acheampong,Josh Acheampong,Chelsea,DEF,a,3.9,27,348,1,0,2,5,0,5,0,0,0,0,0,90,88.4,8.5,60.0,15.8,6.0,5.4,7.0,6.5,2.0,False
442,Maguire,Harry Maguire,Man Utd,DEF,d,4.4,27,270,1,1,1,4,0,3,0,0,0,0,0,65,84.8,12.0,38.0,13.5,4.0,3.9,3.0,3.0,0.8,False
85,Adams,Tyler Adams,Bournemouth,MID,a,5.0,27,784,0,1,4,10,0,0,4,0,0,0,0,143,153.0,49.3,55.0,25.8,3.7,3.0,3.7,3.2,0.4,False
100,Kroupi.Jr,Eli Junior Kroupi,Bournemouth,FWD,a,4.6,27,163,4,0,1,3,0,4,1,0,0,0,0,125,138.0,17.1,111.0,26.6,6.0,4.5,6.0,5.5,3.4,False
129,Yarmoliuk,Yehor Yarmoliuk,Brentford,MID,d,5.0,27,718,0,1,2,12,0,0,1,0,0,0,0,116,126.2,97.8,24.0,24.8,2.0,3.0,1.0,1.5,0.1,False
332,Lukić,Saša Lukić,Fulham,MID,a,5.0,27,632,1,2,1,9,0,2,4,0,0,0,0,125,120.2,219.3,71.0,41.0,3.3,3.4,2.1,3.3,0.1,False
547,E.Le Fée,Enzo Le Fée,Sunderland,MID,a,4.9,26,539,1,0,2,6,0,2,1,0,0,0,0,90,125.6,99.4,32.0,25.6,2.7,3.2,1.7,2.2,0.4,False
403,Gvardiol,Joško Gvardiol,Man City,DEF,a,5.9,26,429,0,1,2,3,0,3,0,0,0,0,0,99,111.0,45.3,31.0,18.7,4.7,5.2,5.2,5.2,5.6,False
669,Ndoye,Dan Ndoye,Nott'm Forest,MID,a,5.8,26,575,1,1,0,10,0,4,0,0,0,0,0,100,95.8,105.6,73.0,27.5,1.3,3.2,1.3,1.3,1.4,False
38,Konsa,Ezri Konsa Ngoyo,Aston Villa,DEF,a,4.4,26,695,0,0,3,7,0,0,0,1,0,0,0,132,148.6,25.8,27.0,20.1,4.0,3.2,3.5,3.0,8.9,False
580,Johnson,Brennan Johnson,Spurs,MID,a,6.7,26,360,2,0,3,1,0,2,1,0,0,0,0,88,103.4,51.9,62.0,21.8,1.7,2.9,1.7,1.2,3.4,False
342,Bogle,Jayden Bogle,Leeds,DEF,a,4.5,26,792,0,1,2,13,0,0,2,0,0,0,0,84,122.2,60.4,73.0,25.6,2.0,2.9,1.5,1.5,0.2,False
54,McGinn,John McGinn,Aston Villa,MID,a,5.4,26,709,1,0,4,6,0,0,1,0,0,0,0,120,104.0,157.8,49.0,31.2,2.7,2.9,2.2,1.7,0.7,False
443,Shaw,Luke Shaw,Man Utd,DEF,a,4.5,26,753,0,1,2,11,0,0,0,0,0,0,0,89,106.0,39.4,5.0,15.0,5.7,2.9,5.7,5.7,0.4,False
124,Henderson,Jordan Henderson,Brentford,MID,a,5.0,26,654,0,2,3,9,0,2,2,0,0,0,0,117,101.2,115.8,10.0,22.6,1.7,2.9,0.7,1.7,0.4,False
489,J.Murphy,Jacob Murphy,Newcastle,MID,a,6.1,26,414,1,1,4,2,0,1,0,0,0,0,0,93,97.0,79.8,186.0,36.2,3.3,3.2,3.8,3.8,1.0,False
491,Tonali,Sandro Tonali,Newcastle,MID,a,5.4,26,703,0,1,5,5,0,1,0,0,0,0,0,151,133.6,209.0,92.0,43.5,2.0,2.9,1.9,2.5,1.4,False
293,O'Brien,Jake O'Brien,Everton,DEF,a,5.0,25,785,0,0,2,11,0,1,0,0,0,0,0,82,118.8,72.7,48.0,24.1,2.2,2.8,2.2,2.7,0.4,False
347,Gudmundsson,Gabriel Gudmundsson,Leeds,DEF,d,4.0,25,740,0,0,2,13,0,6,1,0,0,0,1,96,150.0,163.1,43.0,35.6,1.0,2.8,0.5,0.4,5.1,False
53,Malen,Donyell Malen,Aston Villa,MID,a,5.1,25,292,2,0,0,6,0,3,0,0,0,0,0,69,82.4,44.6,89.0,20.9,6.0,2.8,5.5,5.0,0.7,False
698,Okafor,Noah Okafor,Leeds,MID,a,5.5,25,349,2,1,1,5,0,3,2,0,0,0,0,79,99.2,58.4,109.0,26.7,4.0,4.2,1.8,3.5,0.2,False
676,Ugochukwu,Lesley Ugochukwu,Burnley,MID,a,5.0,25,457,2,0,2,8,0,3,0,1,0,0,0,92,124.0,24.8,53.0,19.9,6.3,3.1,5.8,5.3,0.1,False
20,Trossard,Leandro Trossard,Arsenal,MID,a,6.9,25,462,1,1,3,2,0,2,0,0,0,0,0,82,81.4,107.7,146.0,33.5,5.3,3.6,5.8,6.3,0.4,False
314,Leno,Bernd Leno,Fulham,GKP,a,5.0,25,810,0,0,1,14,28,1,1,0,0,0,0,113,224.2,0.0,0.0,22.4,2.3,2.8,1.8,2.3,1.5,False
158,Georginio,Georginio Rutter,Brighton,MID,a,5.7,25,514,0,3,2,7,0,1,1,0,0,0,0,85,95.4,102.4,92.0,29.0,3.3,3.1,3.3,3.8,0.4,False
220,Sánchez,Robert Lynch Sánchez,Chelsea,GKP,a,4.9,25,724,0,0,3,11,17,1,1,1,0,0,0,99,140.4,20.0,0.0,15.9,2.7,2.8,3.7,3.2,13.9,False
32,Martinez,Emiliano Martínez Romero,Aston Villa,GKP,a,5.0,25,630,0,0,2,5,15,1,1,0,0,0,0,118,129.8,3.0,0.0,13.2,3.7,3.6,3.2,2.7,2.0,False
525,Wood,Chris Wood,Nott'm Forest,FWD,d,7.2,25,538,2,0,1,8,0,3,0,0,0,0,0,85,77.6,49.6,179.0,29.8,1.0,3.1,0.5,0.5,7.5,False
343,Struijk,Pascal Struijk,Leeds,DEF,a,4.5,24,720,0,0,2,13,0,2,1,0,0,0,0,93,148.8,30.5,59.0,23.9,0.3,3.0,-0.2,-0.2,0.3,False
474,Schär,Fabian Schär,Newcastle,DEF,a,5.4,24,379,0,0,3,2,0,0,0,0,0,0,0,90,99.4,25.3,15.0,14.1,0.3,4.8,0.8,0.8,1.9,False
238,Estêvão,Estêvão Almeida de Oliveira Gonçalves,Chelsea,MID,a,6.5,24,306,1,2,2,2,0,2,2,0,0,0,0,82,96.8,86.9,158.0,34.2,4.0,3.0,5.0,4.5,2.4,False
414,Foden,Phil Foden,Man City,MID,a,8.1,24,532,1,0,4,2,0,2,2,0,0,0,0,128,112.6,292.9,88.0,49.4,2.3,3.4,2.8,2.8,4.9,False
271,Kamada,Daichi Kamada,Crystal Palace,MID,a,5.0,24,599,0,2,2,7,0,0,0,0,0,0,0,117,73.6,101.4,42.0,21.7,2.7,3.4,2.2,2.7,0.1,False
242,Dewsbury-Hall,Kiernan Dewsbury-Hall,Everton,MID,a,5.0,24,715,1,1,2,11,0,3,5,0,0,0,0,122,101.2,216.3,74.0,39.2,1.2,3.0,1.2,1.7,3.1,False
191,Estève,Maxime Estève,Burnley,DEF,a,4.0,24,802,0,0,2,17,0,0,0,0,0,0,2,68,178.8,15.5,32.0,22.8,3.3,2.7,2.8,2.3,12.7,False
273,Wharton,Adam Wharton,Crystal Palace,MID,a,5.0,23,631,0,1,2,8,0,2,1,0,0,0,0,128,88.0,218.5,14.0,31.9,2.3,2.9,1.8,2.3,0.5,False
173,Wieffer,Mats Wieffer,Brighton,MID,a,4.9,23,459,0,2,0,8,0,0,3,0,0,0,0,101,122.4,70.9,43.0,23.7,4.0,3.3,4.0,4.5,0.1,False
586,Bergvall,Lucas Bergvall,Spurs,MID,a,5.4,23,403,1,1,2,3,0,0,1,0,0,0,0,79,92.2,41.6,93.0,22.8,0.7,2.9,0.7,0.2,0.4,False
64,Watkins,Ollie Watkins,Aston Villa,FWD,a,8.5,23,712,1,0,4,6,0,2,0,0,0,0,0,69,63.6,78.6,173.0,31.4,1.7,2.6,1.2,0.7,6.9,False
329,Wilson,Harry Wilson,Fulham,MID,d,5.3,23,518,1,1,1,6,0,2,1,0,0,0,0,95,83.8,92.7,105.0,28.1,1.7,2.9,1.2,1.3,0.4,False
40,Mings,Tyrone Mings,Aston Villa,DEF,a,4.4,23,481,0,0,2,6,0,1,0,0,0,0,0,83,118.2,44.2,25.0,18.8,0.0,3.8,-0.5,-1.0,0.9,False
736,Donnarumma,Gianluigi Donnarumma,Man City,GKP,a,5.7,23,540,0,0,3,3,9,0,1,0,0,0,0,98,80.2,0.0,0.0,8.1,4.7,3.8,5.2,5.2,10.4,False
166,Ayari,Yasin Ayari,Brighton,MID,a,4.9,23,691,1,0,0,12,0,2,0,0,0,0,0,138,116.0,128.8,66.0,31.1,1.7,2.6,1.7,2.2,0.3,False
643,André,André Trindade da Costa Neto,Wolves,MID,a,5.4,23,599,0,0,0,13,0,1,2,0,0,0,0,105,82.8,39.7,5.0,12.7,3.0,2.6,3.5,3.0,0.1,False
691,Calvert-Lewin,Dominic Calvert-Lewin,Leeds,FWD,a,5.5,22,534,1,1,2,6,0,2,0,0,0,0,0,60,62.8,107.3,169.0,33.5,2.0,3.1,1.5,1.5,1.6,False
684,Thiaw,Malick Thiaw,Newcastle,DEF,a,4.9,22,452,0,0,2,6,0,2,1,0,0,0,0,80,90.0,15.2,54.0,16.0,3.7,3.7,4.2,4.2,0.4,False
97,Evanilson,Francisco Evanilson de Lima Barbosa,Bournemouth,FWD,d,7.0,22,617,1,1,3,8,0,2,1,0,0,0,0,89,59.0,107.2,173.0,33.8,0.7,3.1,0.0,0.1,1.6,False
722,Florentino,Florentino Ibrain Morris Luís,Burnley,MID,a,5.0,22,477,0,1,1,11,0,0,1,0,0,0,0,84,118.0,64.4,5.0,18.8,4.7,3.7,4.2,3.7,0.1,False
515,Gibbs-White,Morgan Gibbs-White,Nott'm Forest,MID,a,7.3,22,729,0,1,0,15,0,0,0,0,0,0,0,106,74.8,175.7,146.0,39.3,2.7,2.4,2.7,2.7,2.9,False
636,S.Bueno,Santiago Ignacio Bueno,Wolves,DEF,a,4.4,22,484,1,1,0,10,0,2,1,0,0,0,0,70,155.4,47.2,66.0,26.9,2.0,3.7,2.5,2.0,0.1,False
444,Yoro,Leny Yoro,Man Utd,DEF,a,4.4,22,544,0,1,1,10,0,1,0,0,0,0,0,67,80.4,23.5,24.0,12.7,2.7,2.4,2.7,2.7,1.8,False
440,Dalot,Diogo Dalot Teixeira,Man Utd,DEF,a,4.4,21,515,0,2,1,10,0,0,0,0,0,0,0,62,90.4,125.6,27.0,24.3,4.7,3.0,4.7,4.7,1.0,False
354,Ampadu,Ethan Ampadu,Leeds,MID,a,4.9,21,607,0,0,1,9,0,0,2,0,0,0,0,100,101.6,69.3,17.0,18.9,3.0,3.0,1.9,2.5,0.1,False
455,Mount,Mason Mount,Man Utd,MID,d,5.9,21,331,1,0,3,3,0,2,0,0,0,0,0,66,60.6,85.6,67.0,21.4,4.3,3.0,3.2,3.2,0.3,False
646,Gomes,João Victor Gomes da Silva,Wolves,MID,a,5.4,21,700,0,0,1,15,0,0,3,0,0,0,0,117,105.2,103.6,35.0,24.5,2.3,2.3,2.8,2.3,0.1,False
318,Bassey,Calvin Bassey,Fulham,DEF,a,4.5,20,728,0,0,1,13,0,3,2,0,0,0,0,69,127.8,22.2,11.0,16.2,1.0,2.2,0.5,1.0,0.6,False
452,Amad,Amad Diallo,Man Utd,MID,a,6.3,20,573,0,2,2,6,0,0,1,0,0,0,0,115,103.2,143.2,135.0,38.2,3.0,2.5,3.0,3.0,1.3,False
708,M.Fernandes,Mateus Gonçalo Espanha Fernandes,West Ham,MID,a,5.5,20,468,1,0,1,8,0,0,0,0,0,0,0,85,94.2,85.1,32.0,21.1,3.2,2.9,3.7,2.7,0.0,False
190,Ekdal,Hjalmar Ekdal,Burnley,DEF,a,4.0,20,533,0,0,1,12,0,1,0,0,0,0,0,47,130.2,26.4,61.0,21.7,0.3,2.9,-0.2,-0.7,1.2,False
330,Berge,Sander Berge,Fulham,MID,a,4.9,20,778,0,0,1,14,0,0,1,0,0,0,0,111,94.2,68.4,22.0,18.5,2.0,2.2,1.5,2.0,0.1,False
366,A.Becker,Alisson Becker,Liverpool,GKP,i,5.4,20,540,0,0,2,7,9,2,0,0,0,0,0,95,106.8,0.1,0.0,10.7,0.0,3.3,0.0,0.0,6.2,False
107,Lewis-Potter,Keane Lewis-Potter,Brentford,DEF,a,4.9,20,423,0,1,2,9,0,0,1,0,0,0,0,56,58.6,64.0,22.0,14.5,1.3,2.5,0.3,1.3,0.3,False
516,Hudson-Odoi,Callum Hudson-Odoi,Nott'm Forest,MID,a,5.8,20,477,1,0,0,10,0,3,0,0,0,0,0,88,92.8,170.1,89.0,35.3,1.0,2.2,1.0,1.0,0.8,False
371,Kerkez,Milos Kerkez,Liverpool,DEF,a,5.8,20,660,1,0,1,11,0,0,3,0,0,0,0,83,142.2,86.0,63.0,29.2,2.7,2.2,3.7,3.7,3.8,False
157,Mitoma,Mitoma Kaoru,Brighton,MID,d,6.2,20,508,1,1,1,8,0,0,1,0,0,0,0,64,88.4,95.8,88.0,26.9,0.0,3.3,0.0,0.4,2.6,False
58,Kamara,Boubacar Kamara,Aston Villa,MID,a,4.9,19,474,0,2,2,4,0,1,2,0,0,0,0,104,122.4,82.3,24.0,22.8,3.0,2.7,2.5,2.0,0.2,False
337,Raúl,Raúl Jiménez Rodríguez,Fulham,FWD,a,6.2,19,321,1,1,0,4,0,1,0,0,0,0,0,57,50.0,13.1,132.0,18.8,2.3,2.4,1.8,2.3,0.9,False
311,Beto,Norberto Bercique Gomes Betuncal,Everton,FWD,a,5.3,19,562,1,0,1,9,0,1,1,0,0,0,0,46,69.2,46.1,205.0,31.0,1.8,2.1,1.8,2.3,3.5,False
210,Tchaouna,Loum Tchaouna,Burnley,MID,a,4.9,19,341,1,1,1,5,0,0,1,0,0,0,0,62,54.8,30.1,40.0,12.6,2.3,2.4,1.8,1.3,0.0,False
502,Sels,Matz Sels,Nott'm Forest,GKP,a,4.8,19,810,0,0,0,17,31,0,1,0,0,0,0,80,229.6,0.0,0.0,23.0,2.3,2.1,2.3,2.3,8.9,False
215,Flemming,Zian Flemming,Burnley,FWD,a,5.3,19,198,2,0,1,2,0,3,0,0,0,0,0,84,90.4,22.6,74.0,18.6,5.3,3.2,4.8,4.3,0.1,False
385,Chiesa,Federico Chiesa,Liverpool,MID,a,6.4,19,110,2,1,0,3,0,0,1,0,0,0,0,71,98.0,16.7,62.0,17.7,1.7,2.7,2.7,2.7,0.3,False
552,Sadiki,Noah Sadiki,Sunderland,MID,a,5.0,19,803,0,0,4,7,0,0,3,0,0,0,0,107,82.2,85.9,17.0,18.6,2.0,2.1,1.0,1.5,0.1,False
126,Jensen,Mathias Jensen,Brentford,MID,a,4.9,19,186,2,0,0,5,0,0,0,0,0,0,0,82,96.6,49.8,36.0,18.3,2.7,2.7,1.7,2.7,0.1,False
162,Gruda,Brajan Gruda,Brighton,MID,d,5.4,19,218,1,1,0,3,0,2,0,0,0,0,0,56,74.0,56.3,94.0,22.4,0.7,2.7,0.5,0.9,0.1,False
450,Cunha,Matheus Santos Carneiro da Cunha,Man Utd,MID,a,7.9,19,522,1,0,0,8,0,1,0,0,0,0,0,95,107.6,98.6,153.0,36.0,3.7,2.4,3.7,3.7,4.1,False
633,H.Bueno,Hugo Bueno López,Wolves,DEF,a,4.4,19,612,0,0,1,10,0,2,1,0,0,0,0,90,164.6,238.0,59.0,46.3,3.3,2.1,3.8,3.3,0.1,False
490,Joelinton,Joelinton Cássio Apolinário de Lira,Newcastle,MID,a,5.9,18,536,0,0,3,5,0,0,2,0,0,0,0,70,65.6,77.9,99.0,24.4,2.7,2.6,3.2,3.2,0.3,False
663,J.Arias,Jhon Arias,Wolves,MID,a,5.2,18,500,0,0,1,9,0,1,0,0,0,0,0,84,79.8,151.8,80.0,31.1,2.3,2.0,2.8,2.3,0.2,False
386,Mac Allister,Alexis Mac Allister,Liverpool,MID,a,6.3,18,474,0,1,1,5,0,0,0,0,0,0,0,95,70.6,93.6,41.0,20.5,1.7,2.2,2.7,2.7,1.2,False
86,Brooks,David Brooks,Bournemouth,MID,a,5.0,18,475,0,1,3,4,0,1,3,0,0,0,0,79,66.8,121.9,111.0,29.4,0.7,2.2,0.5,0.2,0.2,False
228,Gusto,Malo Gusto,Chelsea,DEF,a,4.9,18,398,0,1,2,5,0,0,0,1,0,0,0,67,52.6,66.5,22.0,14.0,2.7,2.6,0.0,3.2,1.0,False
416,Bernardo,Bernardo Mota Veiga de Carvalho e Silva,Man City,MID,a,6.3,18,461,0,1,2,3,0,0,1,0,0,0,0,93,78.4,150.8,24.0,25.3,1.3,2.0,1.8,1.8,0.6,False
108,Ajer,Kristoffer Ajer,Brentford,DEF,a,4.4,18,298,0,2,1,4,0,0,0,0,0,0,0,65,63.2,13.4,54.0,13.2,4.0,3.0,3.0,4.0,0.2,False
424,Bobb,Oscar Bobb,Man City,MID,a,5.4,18,451,0,1,2,5,0,0,0,0,0,0,0,81,67.6,141.1,72.0,28.2,2.0,2.2,2.5,2.5,0.3,False
41,Pau,Pau Torres,Aston Villa,DEF,a,4.3,18,434,0,0,1,4,0,2,0,0,0,0,0,85,95.2,10.8,13.0,12.0,4.7,3.0,4.2,3.7,0.3,False
508,N.Williams,Neco Williams,Nott'm Forest,DEF,a,4.8,17,810,1,0,0,17,0,2,4,0,0,0,0,86,181.4,124.3,103.0,40.9,0.7,1.9,0.7,0.7,3.8,False
500,Osula,William Osula,Newcastle,FWD,a,5.5,17,168,1,1,1,3,0,0,0,0,0,0,0,56,40.2,13.7,43.0,9.4,2.0,1.9,2.5,2.5,0.3,False
77,Hill,James Hill,Bournemouth,DEF,a,4.0,17,273,0,0,2,3,0,0,1,0,0,0,0,61,44.0,5.3,41.0,9.1,2.3,2.4,2.3,1.8,0.9,False
322,Tete,Kenny Tete,Fulham,DEF,a,4.5,17,540,0,0,1,7,0,0,1,0,0,0,0,84,107.8,42.0,14.0,16.5,0.7,2.8,0.2,0.7,0.2,False
606,Mavropanos,Konstantinos Mavropanos,West Ham,DEF,i,4.4,17,495,0,0,1,9,0,0,1,0,0,0,0,54,128.8,2.7,55.0,18.6,1.2,2.8,0.0,0.0,0.1,False
605,Kilman,Maximilian Kilman,West Ham,DEF,a,4.3,17,810,0,0,1,20,0,0,3,0,0,0,0,43,199.6,31.2,16.0,24.7,2.0,1.9,2.5,1.5,0.2,False
584,Tel,Mathys Tel,Spurs,MID,a,6.3,17,235,1,0,1,2,0,2,0,0,0,0,0,44,43.8,9.8,38.0,9.2,3.7,2.4,3.7,3.2,0.1,False
146,Dunk,Lewis Dunk,Brighton,DEF,a,4.5,17,810,0,1,0,15,0,0,3,0,0,0,0,87,135.4,21.2,45.0,20.3,1.0,1.9,1.0,1.5,1.1,False
22,Merino,Mikel Merino Zazón,Arsenal,MID,a,5.9,17,278,1,0,2,1,0,0,0,0,0,0,0,61,73.0,45.1,68.0,18.3,1.0,2.1,1.5,2.0,0.6,False
654,Strand Larsen,Jørgen Strand Larsen,Wolves,FWD,a,6.4,17,542,1,0,2,10,0,0,0,0,0,0,0,51,59.2,47.4,147.0,25.1,3.3,2.4,3.8,3.3,1.3,False
81,Kluivert,Justin Kluivert,Bournemouth,MID,a,7.0,16,302,1,0,1,5,0,1,1,0,0,0,0,54,64.4,98.5,46.0,20.9,3.7,2.0,3.7,3.2,1.1,False
541,Reinildo,Reinildo Mandava,Sunderland,DEF,a,4.0,16,482,0,0,2,5,0,0,1,1,0,0,0,73,85.2,18.9,6.0,11.1,0.7,2.7,-0.3,0.2,4.5,False
423,N.Gonzalez,Nico González Iglesias,Man City,MID,a,5.9,16,464,0,0,3,4,0,0,2,0,0,0,0,111,100.6,78.3,25.0,20.3,2.7,2.0,2.4,3.2,0.1,False
207,Hannibal,Hannibal Mejbri,Burnley,MID,a,4.9,16,254,0,1,1,7,0,0,1,0,0,0,0,53,37.2,54.0,13.0,10.4,1.3,2.0,0.8,0.3,0.1,False
382,Wirtz,Florian Wirtz,Liverpool,MID,a,8.1,16,591,0,0,2,9,0,0,1,0,0,0,0,80,70.6,217.0,130.0,41.7,1.3,1.8,2.3,2.3,7.8,False
615,Summerville,Crysencio Summerville,West Ham,MID,a,5.5,16,479,0,2,0,11,0,0,3,0,0,0,0,65,64.8,67.1,60.0,19.2,1.2,2.3,1.7,0.7,0.1,False
19,Martinelli,Gabriel Martinelli Silva,Arsenal,MID,d,6.9,16,214,1,0,1,0,0,1,0,0,0,0,0,56,51.0,30.6,93.0,17.5,1.0,2.0,1.5,1.5,1.2,False
335,King,Josh King,Fulham,MID,a,4.5,15,543,0,0,1,10,0,0,2,0,0,0,0,59,57.0,45.5,125.0,22.1,2.0,1.7,1.5,2.0,4.0,False
338,Muniz,Rodrigo Muniz Carvalho,Fulham,FWD,d,5.4,15,314,1,1,1,4,0,3,1,0,0,0,1,38,58.8,41.7,103.0,20.0,0.0,3.0,0.0,0.0,1.1,False
561,Mayenda,Eliezer Mayenda Dossou,Sunderland,FWD,a,5.5,15,257,1,0,2,1,0,2,0,0,0,0,0,53,48.2,24.6,52.0,12.3,0.7,2.5,-0.3,0.2,0.7,False
44,Bogarde,Lamare Bogarde,Aston Villa,DEF,a,4.0,15,282,0,0,1,2,0,3,1,0,0,0,0,47,20.2,32.1,6.0,5.7,0.7,2.5,0.2,-0.3,0.7,False
717,Xavi,Xavi Simons,Spurs,MID,a,6.8,15,387,0,1,2,4,0,0,1,0,0,0,0,59,55.4,99.7,33.0,18.8,2.3,2.5,2.3,1.8,1.9,False
709,Krejčí,Ladislav Krejcí,Wolves,DEF,a,4.5,15,540,1,1,0,11,0,0,1,0,0,0,1,63,165.4,73.5,91.0,33.0,1.7,2.5,2.2,1.7,0.1,False
170,Milner,James Milner,Brighton,MID,d,5.0,15,187,1,1,0,7,0,0,1,0,0,0,0,66,79.6,71.2,17.0,16.8,2.0,2.1,2.0,1.9,0.1,False
410,Lewis,Rico Lewis,Man City,DEF,a,4.9,15,172,0,1,1,3,0,2,0,0,0,0,0,50,47.2,32.2,15.0,9.4,0.3,3.0,0.8,0.8,1.8,False
145,De Cuyper,Maxim De Cuyper,Brighton,DEF,a,4.4,15,406,1,0,0,8,0,1,1,0,0,0,0,61,84.0,84.8,73.0,24.3,0.7,1.9,0.7,1.2,2.1,False
733,Lammens,Senne Lammens,Man Utd,GKP,a,5.0,14,270,0,0,1,3,11,2,0,0,0,0,0,57,82.4,0.0,0.0,8.2,4.7,4.7,4.7,4.7,1.1,False
631,Agbadou,Emmanuel Agbadou,Wolves,DEF,a,4.4,14,525,0,0,0,14,0,0,0,0,0,0,0,44,161.6,39.7,39.0,24.1,0.3,2.0,0.8,0.3,0.2,False
487,Barnes,Harvey Barnes,Newcastle,MID,a,6.4,14,363,0,0,2,4,0,0,0,0,0,0,0,48,34.2,100.2,93.0,22.6,1.0,1.6,1.5,1.5,0.4,False
486,Elanga,Anthony Elanga,Newcastle,MID,a,6.7,14,385,0,0,2,6,0,0,0,0,0,0,0,47,39.8,99.5,67.0,20.7,1.7,1.6,2.2,2.2,3.9,False
139,Verbruggen,Bart Verbruggen,Brighton,GKP,a,4.4,14,810,0,0,0,15,21,0,0,0,0,0,1,88,179.6,10.0,0.0,18.9,1.3,1.6,1.3,1.8,4.1,False
202,Bruun Larsen,Jacob Bruun Larsen,Burnley,MID,a,5.3,14,360,0,1,1,9,0,0,0,0,0,0,0,40,41.6,44.9,44.0,13.0,1.3,2.0,0.8,0.3,0.0,False
325,Smith Rowe,Emile Smith Rowe,Fulham,MID,d,5.7,14,195,1,0,0,2,0,0,0,0,0,0,0,46,53.8,44.7,55.0,15.4,1.0,1.6,0.5,0.8,0.5,False
642,Hee Chan,Hwang Hee-chan,Wolves,MID,a,5.8,14,297,1,0,0,5,0,0,0,0,0,0,0,49,51.6,29.6,49.0,13.0,0.7,2.0,1.2,0.7,0.1,False
365,Nmecha,Lukas Nmecha,Leeds,FWD,a,5.0,14,174,1,0,1,5,0,0,0,0,0,0,0,45,46.8,11.8,65.0,12.3,1.0,1.6,0.5,0.5,0.7,False
415,Savinho,Sávio Moreira de Oliveira,Man City,MID,a,6.9,14,334,0,1,2,3,0,0,1,0,0,0,0,49,46.8,58.3,116.0,22.0,3.3,2.3,3.8,3.8,0.5,False
505,Milenković,Nikola Milenković,Nott'm Forest,DEF,a,5.3,14,810,0,0,0,17,0,0,1,0,0,0,0,57,128.0,24.5,41.0,19.5,1.7,1.6,1.7,1.7,4.3,False
87,Christie,Ryan Christie,Bournemouth,MID,a,5.0,14,182,1,1,0,4,0,0,1,0,0,0,0,49,60.6,28.2,53.0,14.2,2.3,2.0,2.3,1.8,0.1,False
59,Onana,Amadou Onana,Aston Villa,MID,a,4.8,14,325,0,0,2,2,0,0,1,0,0,0,0,65,86.4,16.4,16.0,11.8,2.7,2.8,2.2,1.7,0.6,False
671,Wilson,Callum Wilson,West Ham,FWD,a,5.9,13,235,1,0,1,5,0,2,0,0,0,0,0,51,53.8,15.5,101.0,16.7,0.5,2.2,1.0,0.0,0.4,False
17,Ødegaard,Martin Ødegaard,Arsenal,MID,i,7.9,13,201,0,1,1,1,0,0,0,0,0,0,0,47,43.0,65.0,22.0,13.0,0.3,2.2,0.0,0.0,1.5,False
209,Laurent,Josh Laurent,Burnley,MID,a,4.9,13,482,0,0,0,12,0,0,1,0,0,0,0,64,60.2,21.7,32.0,11.6,1.3,1.4,0.8,0.3,0.0,False
497,L.Miley,Lewis Miley,Newcastle,MID,a,4.4,13,272,0,1,1,3,0,0,0,0,0,0,0,59,45.0,52.3,10.0,10.9,2.3,1.9,2.8,2.8,2.1,False
665,Perri,Lucas Estella Perri,Leeds,GKP,a,4.5,13,360,0,0,2,6,5,0,1,0,0,0,0,44,51.6,0.0,0.0,5.1,0.3,3.2,-0.2,-0.2,0.2,False
388,C.Jones,Curtis Jones,Liverpool,MID,d,5.4,13,322,0,1,0,9,0,0,0,0,0,0,0,84,58.8,66.3,33.0,15.8,1.3,1.6,2.3,1.7,0.1,False
543,Adingra,Simon Adingra,Sunderland,MID,a,5.1,13,271,0,1,2,4,0,0,1,0,0,0,0,36,28.4,77.8,8.0,11.4,0.3,2.2,-0.7,-0.2,0.6,False
232,Tosin,Tosin Adarabioyo,Chelsea,DEF,a,4.4,13,376,0,0,1,6,0,0,1,0,0,0,0,57,104.4,6.5,11.0,12.2,0.7,2.2,1.7,1.2,0.5,False
662,Mosquera,Cristhian Mosquera,Arsenal,DEF,a,5.4,13,292,0,0,1,2,0,1,0,0,0,0,0,64,67.0,13.4,8.0,8.9,0.3,2.2,0.8,1.3,0.2,False
635,R.Gomes,Rodrigo Martins Gomes,Wolves,DEF,a,4.5,13,331,1,0,0,9,0,0,0,0,0,0,0,20,60.2,40.4,103.0,20.5,1.0,2.2,1.5,1.0,0.1,False
659,Walker-Peters,Kyle Walker-Peters,West Ham,DEF,a,4.4,13,447,0,0,1,7,0,0,1,0,0,0,0,59,69.8,48.8,32.0,15.1,1.0,1.6,1.5,0.5,0.3,False
270,Hughes,Will Hughes,Crystal Palace,MID,a,4.8,12,427,0,0,3,3,0,0,3,0,0,0,0,48,55.4,89.6,22.0,16.7,0.3,1.7,-0.2,0.3,0.1,False
123,Carvalho,Fábio Freitas Gouveia Carvalho,Brentford,MID,a,4.9,12,96,1,0,0,4,0,1,0,0,0,0,0,39,38.8,6.2,36.0,8.0,0.3,2.4,-0.7,0.3,0.2,False
570,Danso,Kevin Danso,Spurs,DEF,a,4.3,12,196,0,0,1,2,0,1,1,0,0,0,0,53,57.8,3.0,0.0,6.1,3.3,2.4,3.3,2.8,0.1,False
459,Ugarte,Manuel Ugarte Ribeiro,Man Utd,MID,a,4.8,12,281,0,0,0,9,0,0,0,0,0,0,0,58,49.0,26.0,2.0,7.6,1.0,1.5,1.0,1.0,0.1,False
128,Onyeka,Frank Onyeka,Brentford,MID,a,4.9,12,88,0,2,0,2,0,0,0,0,0,0,0,41,28.4,13.6,4.0,4.6,0.7,2.0,-0.3,0.7,0.1,False
164,O'Riley,Matt O'Riley,Brighton,MID,u,5.5,12,177,1,0,1,2,0,2,0,0,0,0,0,36,60.8,66.6,63.0,19.0,0.0,6.0,0.0,0.0,0.4,False
521,Sangaré,Ibrahim Sangaré,Nott'm Forest,MID,a,4.9,12,441,0,0,0,9,0,0,1,0,0,0,0,66,59.6,35.0,36.0,13.1,0.3,2.0,0.3,0.3,0.1,False
544,Diarra,Habib Diarra,Sunderland,MID,i,5.3,12,345,0,1,2,2,0,0,1,0,0,0,0,23,10.6,31.0,45.0,8.0,0.0,3.0,0.0,0.0,0.0,False
304,Iroegbunam,Tim Iroegbunam,Everton,MID,a,4.9,12,264,0,1,3,1,0,0,3,0,0,0,0,40,46.4,9.0,7.0,6.3,1.2,2.0,1.2,1.7,0.0,False
677,Guessand,Evann Guessand,Aston Villa,MID,a,6.3,12,358,0,0,1,4,0,0,0,0,0,0,0,41,50.2,21.7,52.0,12.4,1.3,1.5,0.8,0.3,0.0,False
431,Bayindir,Altay Bayındır,Man Utd,GKP,a,4.9,11,540,0,0,0,11,13,0,0,0,0,0,0,49,118.4,10.0,0.0,12.8,0.0,1.8,0.0,0.0,0.4,False
485,Gordon,Anthony Gordon,Newcastle,MID,a,7.5,11,416,0,0,3,5,0,0,0,1,0,0,0,39,35.6,94.5,119.0,24.6,2.3,1.8,2.8,2.8,3.2,False
695,Tchatchoua,Jackson Tchatchoua,Wolves,DEF,a,4.5,11,382,0,0,0,10,0,0,0,0,0,0,0,23,79.6,92.5,18.0,19.0,2.0,1.4,2.5,2.0,0.0,False
235,Palmer,Cole Palmer,Chelsea,MID,i,10.3,11,144,1,0,1,2,0,1,0,0,0,0,0,36,44.4,19.2,65.0,12.9,0.0,3.7,0.0,0.0,9.6,False
721,Milosavljević,Veljko Milosavljevic,Bournemouth,DEF,a,4.5,11,185,0,0,1,1,0,0,0,0,0,0,0,42,37.2,11.8,6.0,5.5,2.3,3.7,2.3,1.8,0.0,False
167,Baleba,Carlos Baleba,Brighton,MID,a,4.7,11,480,0,0,2,7,0,0,3,0,0,0,0,53,22.4,40.3,9.0,7.2,1.0,1.2,1.0,1.5,2.1,False
627,Johnstone,Sam Johnstone,Wolves,GKP,a,4.5,11,450,0,0,0,8,15,0,0,0,0,0,0,62,130.0,0.1,0.0,13.0,2.0,2.2,2.5,2.0,0.2,False
614,Ward-Prowse,James Ward-Prowse,West Ham,MID,a,5.7,11,414,0,0,1,11,0,0,0,0,0,0,0,82,56.6,176.3,6.0,23.9,0.0,2.2,0.5,-0.5,0.2,False
588,Odobert,Wilson Odobert,Spurs,MID,a,5.3,11,314,0,0,0,5,0,0,0,0,0,0,0,36,29.6,57.3,86.0,17.3,1.3,1.4,1.0,0.8,0.0,False
358,Tanaka,Tanaka Ao,Leeds,MID,a,4.8,11,260,0,0,2,5,0,0,0,0,0,0,0,40,15.8,56.4,10.0,8.0,1.7,1.6,1.2,1.2,0.1,False
712,Yeremy,Yéremy Pino Santos,Crystal Palace,MID,a,5.8,11,428,0,0,2,4,0,0,2,0,0,0,0,49,40.6,110.6,62.0,21.0,1.0,1.6,0.5,1.0,0.1,False
406,Khusanov,Abdukodir Khusanov,Man City,DEF,a,5.4,11,227,0,0,1,1,0,0,1,0,0,0,0,46,42.4,5.2,0.0,4.8,0.0,2.8,0.0,0.5,0.3,False
421,Rodrigo,Rodrigo 'Rodri' Hernandez Cascante,Man City,MID,i,6.3,11,291,0,0,1,3,0,0,0,0,0,0,0,55,50.0,50.4,19.0,11.9,0.3,2.2,0.0,0.0,0.5,False
409,Stones,John Stones,Man City,DEF,a,5.5,11,324,0,0,1,6,0,0,0,0,0,0,0,46,69.6,19.3,2.0,9.1,0.7,2.2,1.2,1.2,0.7,False
182,Trafford,James Trafford,Man City,GKP,a,4.7,11,270,0,0,1,4,11,0,0,0,0,0,0,62,100.2,0.0,0.0,10.1,0.0,3.7,0.5,0.5,1.2,False
198,Tuanzebe,Axel Tuanzebe,Burnley,DEF,a,3.9,10,270,0,0,1,4,0,0,0,0,0,0,0,33,52.0,1.8,0.0,5.5,3.3,3.3,2.8,2.3,1.8,False
310,Barry,Thierno Barry,Everton,FWD,a,5.7,10,246,0,0,1,3,0,0,0,0,0,0,0,14,14.6,22.5,29.0,5.9,1.0,1.1,1.0,1.5,0.3,False
148,F.Kadıoğlu,Ferdi Kadıoğlu,Brighton,DEF,a,4.4,10,554,0,0,0,11,0,0,3,0,0,0,0,41,93.2,63.9,43.0,20.1,1.0,1.2,1.0,1.5,0.2,False
441,Dorgu,Patrick Dorgu,Man Utd,DEF,a,4.3,10,521,0,1,0,11,0,0,3,0,0,0,0,40,97.6,106.0,56.0,26.0,0.3,1.2,0.3,0.3,3.4,False
18,Madueke,Noni Madueke,Arsenal,MID,i,6.9,10,304,0,0,2,2,0,0,0,0,0,0,0,39,30.2,111.7,105.0,24.6,0.0,2.0,0.0,0.0,0.6,False
319,Castagne,Timothy Castagne,Fulham,DEF,a,4.4,10,397,0,0,0,10,0,0,0,0,0,0,0,32,68.8,52.5,37.0,15.8,1.3,1.4,0.8,1.3,0.1,False
625,Füllkrug,Niclas Füllkrug,West Ham,FWD,d,5.6,10,379,0,0,1,9,0,0,0,0,0,0,0,23,24.8,72.3,125.0,21.9,1.0,1.7,0.4,0.1,0.8,False
600,Areola,Alphonse Areola,West Ham,GKP,a,4.3,10,450,0,0,0,9,16,0,0,0,0,0,0,55,135.6,0.0,0.0,13.6,2.2,2.0,2.7,1.7,2.1,False
341,Darlow,Karl Darlow,Leeds,GKP,a,4.0,10,450,0,0,0,8,13,0,0,0,0,0,0,55,105.0,0.0,0.0,10.5,0.7,2.0,0.2,0.2,2.4,False
499,Isak,Alexander Isak,Liverpool,FWD,d,10.4,10,250,0,1,0,3,0,0,0,0,0,0,0,19,21.8,21.5,50.0,8.7,2.3,2.5,2.5,2.5,6.5,False
405,Aké,Nathan Aké,Man City,DEF,a,5.4,10,201,0,0,1,3,0,0,0,0,0,0,0,42,37.4,24.9,13.0,7.6,2.0,2.0,2.5,2.5,0.6,False
402,Aït-Nouri,Rayan Aït-Nouri,Man City,DEF,a,5.8,10,202,0,0,1,2,0,1,1,0,0,0,0,34,43.0,26.7,7.0,7.6,0.0,3.3,0.5,0.5,5.0,False
413,Marmoush,Omar Marmoush,Man City,MID,a,8.3,10,154,0,1,0,3,0,2,0,0,0,0,0,39,38.2,36.4,58.0,13.3,0.3,2.5,0.8,0.8,2.6,False
453,Garnacho,Alejandro Garnacho Ferreyra,Chelsea,MID,a,6.4,10,187,1,0,0,3,0,0,0,0,0,0,0,38,37.0,21.7,78.0,13.7,3.0,2.5,4.0,3.5,0.4,False
353,James,Daniel James,Leeds,MID,a,5.3,9,239,0,0,1,6,0,0,0,0,0,0,0,33,22.0,59.7,37.0,11.9,0.7,1.5,0.2,0.2,0.1,False
352,Harrison,Jack Harrison,Leeds,MID,a,5.2,9,240,0,0,0,4,0,0,0,0,0,0,0,48,27.8,35.0,33.0,9.7,1.3,1.1,0.8,0.8,0.1,False
644,Bellegarde,Jean-Ricner Bellegarde,Wolves,MID,a,5.2,9,342,0,0,0,12,0,0,1,0,0,0,0,45,37.8,70.3,41.0,14.8,0.7,1.1,1.2,0.7,0.0,False
473,Hall,Lewis Hall,Newcastle,DEF,i,5.2,9,133,0,0,1,1,0,1,0,0,0,0,0,31,27.4,4.0,7.0,3.9,0.0,3.0,0.0,0.0,0.8,False
438,Mazraoui,Noussair Mazraoui,Man Utd,DEF,a,4.9,9,130,0,0,1,2,0,1,0,0,0,0,0,40,31.2,14.2,4.0,4.9,0.0,3.0,0.0,0.0,0.2,False
169,Gomez,Diego Gómez Amarilla,Brighton,MID,a,4.9,9,374,0,0,0,7,0,0,2,0,0,0,0,53,52.0,44.4,45.0,14.3,1.3,1.1,1.3,1.8,0.1,False
417,Cherki,Rayan Cherki,Man City,MID,a,6.3,9,89,1,0,0,2,0,0,0,0,0,0,0,46,57.6,58.8,22.0,13.9,0.7,2.2,1.2,1.2,2.0,False
272,Lerma,Jefferson Lerma Solís,Crystal Palace,MID,a,4.9,9,180,0,0,1,2,0,0,1,0,0,0,0,30,24.0,19.6,43.0,8.7,0.7,1.1,0.2,0.7,0.1,False
735,Traoré,Bertrand Traoré,Sunderland,MID,a,5.5,9,214,0,1,1,3,0,0,1,0,0,0,0,45,30.2,43.9,56.0,13.1,2.7,2.2,1.7,2.2,0.0,False
506,Murillo,Murillo Costa dos Santos,Nott'm Forest,DEF,a,5.3,9,469,0,0,0,10,0,0,1,0,0,0,0,36,94.4,13.8,2.0,11.0,0.7,1.5,0.7,0.7,2.0,False
686,Ngumoha,Rio Ngumoha,Liverpool,MID,a,4.5,9,30,1,0,0,1,0,0,0,0,0,0,0,37,39.2,22.7,25.0,8.8,0.3,2.2,1.3,1.3,0.5,False
292,Mykolenko,Vitalii Mykolenko,Everton,DEF,a,4.9,9,535,0,0,0,11,0,0,1,0,0,0,0,17,77.0,39.6,21.0,13.7,1.8,1.5,1.8,2.3,0.4,False
679,Hermansen,Mads Hermansen,West Ham,GKP,a,4.4,9,360,0,0,1,11,9,0,0,0,0,0,0,27,84.8,0.0,0.0,8.5,0.0,2.2,0.5,-0.5,0.2,False
326,Adama,Adama Traoré Diarra,Fulham,MID,a,5.2,9,226,0,0,0,5,0,0,0,0,0,0,0,34,16.6,56.3,31.0,10.1,1.3,1.3,0.8,1.3,0.2,False
375,Bradley,Conor Bradley,Liverpool,DEF,a,5.0,9,357,0,1,0,8,0,0,3,0,0,0,0,21,50.2,45.3,22.0,11.6,2.0,1.3,3.0,3.0,0.2,False
682,Møller Wolfe,David Møller Wolfe,Wolves,DEF,a,4.4,8,149,0,1,0,6,0,0,0,0,0,0,0,15,37.0,20.9,4.0,6.3,0.7,1.6,1.2,0.7,0.1,False
125,Janelt,Vitaly Janelt,Brentford,MID,a,4.9,8,117,0,0,0,2,0,0,0,0,0,0,0,21,18.4,34.9,10.0,6.2,2.0,1.6,1.0,2.0,0.0,False
526,Igor Jesus,Igor Jesus Maciel da Cruz,Nott'm Forest,FWD,a,5.8,8,191,0,0,0,9,0,0,0,0,0,0,0,29,23.8,29.7,64.0,11.4,1.0,1.0,1.0,1.0,0.6,False
551,Rigg,Chris Rigg,Sunderland,MID,a,4.8,8,186,0,0,1,0,0,0,0,0,0,0,0,23,9.0,25.6,7.0,4.3,1.3,1.3,0.3,0.8,0.1,False
713,A.Jimenez,Álex Jiménez Sánchez,Bournemouth,DEF,a,4.5,8,313,0,0,1,5,0,0,3,0,0,0,0,34,40.8,33.2,15.0,8.9,2.7,1.3,2.7,2.2,0.0,False
180,Tzimas,Stefanos Tzimas,Brighton,FWD,a,5.3,8,70,0,1,0,2,0,0,0,0,0,0,0,22,27.0,50.9,21.0,9.9,2.0,1.6,2.0,2.5,0.1,False
73,Smith,Adam Smith,Bournemouth,DEF,a,4.4,8,204,0,0,1,3,0,0,0,0,0,0,0,28,17.8,14.0,4.0,3.6,0.0,2.7,0.0,-0.5,0.2,False
621,Irving,Andy Irving,West Ham,MID,a,4.4,8,149,0,0,0,4,0,0,0,0,0,0,0,45,29.6,38.3,2.0,7.0,1.2,1.3,1.7,0.7,0.3,False
48,Tielemans,Youri Tielemans,Aston Villa,MID,d,5.9,8,315,0,0,1,4,0,0,0,0,0,0,0,46,34.2,74.2,29.0,13.8,0.0,2.0,-0.1,-0.2,0.6,False
301,Alcaraz,Carlos Alcaraz Durán,Everton,MID,a,5.2,8,235,0,0,0,4,0,0,1,0,0,0,0,37,23.2,23.5,45.0,9.2,1.0,1.1,1.0,1.5,0.1,False
284,Nketiah,Eddie Nketiah,Crystal Palace,FWD,a,5.4,8,107,1,0,0,4,0,0,1,0,0,0,0,39,43.6,45.9,58.0,14.8,1.0,1.6,0.5,1.0,0.5,False
276,Devenny,Justin Devenny,Crystal Palace,MID,a,4.4,8,145,0,0,0,3,0,0,0,0,0,0,0,30,16.2,31.4,73.0,12.1,0.3,1.1,-0.2,0.3,1.2,False
720,Tolu,Tolu Arokodare,Wolves,FWD,a,5.5,8,182,0,0,0,7,0,0,0,0,0,0,0,21,12.4,16.1,67.0,9.3,1.0,1.3,1.5,1.0,0.1,False
613,Souček,Tomáš Souček,West Ham,MID,a,5.7,8,365,0,0,1,13,0,0,0,1,0,0,0,45,58.4,18.5,70.0,14.8,1.0,1.3,1.5,0.5,0.2,False
645,Fer López,Fer López González,Wolves,MID,a,5.3,7,116,0,1,0,5,0,0,1,0,0,0,0,24,27.0,52.0,32.0,11.0,0.3,1.4,0.8,0.3,0.0,False
239,Gittens,Jamie Bynoe-Gittens,Chelsea,MID,a,6.1,7,217,0,0,0,2,0,0,0,0,0,0,0,24,31.6,63.2,45.0,14.0,1.0,1.0,2.0,1.5,0.1,False
511,Morato,Felipe Rodrigues da Silva,Nott'm Forest,DEF,a,4.4,7,436,0,0,0,9,0,0,3,0,0,0,0,33,89.4,5.5,3.0,9.8,1.0,1.4,1.0,1.0,0.1,False
331,Cairney,Tom Cairney,Fulham,MID,a,4.9,7,178,0,0,0,5,0,0,1,0,0,0,0,26,3.4,22.3,17.0,4.4,1.7,1.2,0.9,1.7,0.0,False
458,Mainoo,Kobbie Mainoo,Man Utd,MID,a,4.8,7,138,0,0,0,6,0,0,0,0,0,0,0,26,29.4,56.6,5.0,9.1,1.0,1.0,1.0,1.0,0.5,False
152,Veltman,Joël Veltman,Brighton,DEF,d,4.4,7,324,0,0,0,6,0,0,2,0,0,0,0,28,68.2,19.9,6.0,9.5,0.0,1.8,0.0,0.4,0.1,False
33,M.Bizot,Marco Bizot,Aston Villa,GKP,a,4.4,7,180,0,0,1,3,4,0,1,0,0,0,0,22,25.4,0.0,0.0,2.6,0.0,3.5,-0.5,-1.0,0.5,False
321,J.Cuenca,Jorge Cuenca Barreno,Fulham,DEF,a,4.4,7,168,0,0,0,2,0,0,0,0,0,0,0,25,40.6,4.6,6.0,5.1,1.3,2.3,0.8,1.3,0.0,False
697,Adli,Amine Adli,Bournemouth,MID,a,5.5,7,183,0,0,0,3,0,0,0,0,0,0,0,36,52.8,50.4,34.0,13.7,0.7,1.0,0.7,0.2,0.0,False
574,Udogie,Destiny Udogie,Spurs,DEF,i,4.4,7,301,0,0,0,4,0,0,0,0,0,0,0,37,50.0,46.5,40.0,13.7,0.7,1.4,0.0,0.0,0.4,False
356,Gruev,Ilia Gruev,Leeds,MID,a,4.8,7,211,0,0,1,6,0,0,1,0,0,0,0,42,25.0,8.9,2.0,3.6,0.0,1.4,-0.5,-0.5,0.0,False
730,Brobbey,Brian Brobbey,Sunderland,FWD,a,5.5,7,72,0,1,0,0,0,0,0,0,0,0,0,22,26.6,10.6,6.0,4.4,1.7,1.8,0.7,1.2,0.1,False
370,Frimpong,Jeremie Frimpong,Liverpool,DEF,i,5.8,7,83,0,1,0,1,0,0,0,0,0,0,0,29,19.4,17.3,29.0,6.6,0.3,1.8,0.0,0.0,5.8,False
724,Geertruida,Lutsharel Geertruida,Sunderland,DEF,a,4.5,7,161,0,0,0,1,0,0,0,0,0,0,0,32,34.0,4.7,21.0,6.0,1.3,1.2,0.3,0.8,0.0,False
11,White,Benjamin White,Arsenal,DEF,a,5.4,6,70,0,0,1,0,0,0,0,0,0,0,0,23,15.4,11.3,1.0,2.8,0.0,6.0,0.5,1.0,0.4,False
351,Gnonto,Wilfried Gnonto,Leeds,MID,d,5.2,6,191,0,0,1,5,0,0,1,0,0,0,0,27,15.8,21.4,16.0,5.3,0.0,1.5,-0.2,-0.2,0.1,False
246,Andrey Santos,Andrey Nascimento dos Santos,Chelsea,MID,a,4.5,6,220,0,0,0,2,0,0,2,0,0,0,0,27,25.4,44.1,42.0,11.2,0.3,0.9,1.3,0.8,0.3,False
507,Aina,Ola Aina,Nott'm Forest,DEF,i,4.8,6,270,0,0,0,5,0,0,1,0,0,0,0,20,53.8,33.3,11.0,9.8,0.0,2.0,0.0,0.0,2.7,False
181,Kostoulas,Charalampos Kostoulas,Brighton,FWD,a,4.8,6,12,1,0,0,1,0,0,0,0,0,0,0,32,35.2,0.6,40.0,7.6,2.0,3.0,2.0,2.5,0.3,False
391,Gannon-Doak,Ben Gannon-Doak,Bournemouth,MID,a,4.9,6,43,0,1,0,1,0,0,0,0,0,0,0,20,20.2,12.5,9.0,4.2,1.7,2.0,1.7,1.2,0.0,False
116,Hickey,Aaron Hickey,Brentford,DEF,d,4.0,6,184,0,0,0,3,0,0,1,0,0,0,0,16,12.2,3.6,1.0,1.7,0.7,1.2,0.0,0.3,0.3,False
252,Marc Guiu,Marc Guiu Paz,Chelsea,FWD,a,4.2,6,149,0,0,0,2,0,0,0,0,0,0,0,4,1.0,4.0,46.0,3.9,1.3,1.2,2.3,1.8,7.0,False
699,Douglas Luiz,Douglas Luiz Soares de Paulo,Nott'm Forest,MID,a,5.0,6,172,0,1,0,5,0,0,1,0,0,0,0,36,19.6,32.4,10.0,6.2,0.3,2.0,0.3,0.3,0.1,False
696,Kalimuendo,Arnaud Kalimuendo,Nott'm Forest,FWD,a,6.0,6,66,0,0,0,2,0,0,0,0,0,0,0,14,2.8,16.4,22.0,4.1,0.3,1.0,0.3,0.3,0.1,False
392,Endo,Endo Wataru,Liverpool,MID,a,4.9,6,36,0,1,0,3,0,0,1,0,0,0,0,20,28.8,10.9,0.0,3.9,0.3,1.5,1.3,1.3,0.1,False
25,Nwaneri,Ethan Nwaneri,Arsenal,MID,a,5.2,6,145,0,0,1,0,0,0,0,0,0,0,0,15,8.2,22.0,21.0,5.0,0.3,1.5,0.8,1.3,0.2,False
700,Dowman,Max Dowman,Arsenal,MID,a,4.4,5,27,0,1,0,0,0,0,0,0,0,0,0,13,1.0,0.8,26.0,2.8,0.0,2.5,0.5,1.0,0.3,False
637,Toti,Toti Gomes,Wolves,DEF,a,4.3,5,390,0,0,0,13,0,0,0,1,0,0,0,15,74.6,26.5,27.0,12.8,0.0,0.8,0.5,0.0,0.1,False
628,José Sá,José Malheiro de Sá,Wolves,GKP,a,4.4,5,360,0,0,0,11,5,0,0,0,0,0,0,7,44.0,10.0,0.0,5.5,0.0,1.2,0.5,0.0,1.2,False
109,Henry,Rico Henry,Brentford,DEF,a,4.4,5,169,0,0,0,6,0,0,1,0,0,0,0,7,16.4,12.4,12.0,3.9,0.3,0.7,-0.7,0.3,0.1,False
734,Bakwa,Dilane Bakwa,Nott'm Forest,MID,i,6.0,5,172,0,0,0,4,0,0,0,0,0,0,0,27,30.2,73.7,49.0,15.3,0.3,1.2,0.0,0.0,0.0,False
522,Yates,Ryan Yates,Nott'm Forest,MID,a,4.8,5,133,0,0,0,2,0,0,1,0,0,0,0,19,22.8,8.0,19.0,4.9,0.7,1.0,0.7,0.7,0.1,False
12,Zinchenko,Oleksandr Zinchenko,Nott'm Forest,DEF,d,4.9,5,253,0,0,0,4,0,0,0,0,0,0,0,46,62.6,52.4,15.0,13.0,0.3,1.7,0.1,0.1,0.3,False
693,Hutchinson,Omari Hutchinson,Nott'm Forest,MID,a,5.4,5,97,0,0,0,2,0,0,0,0,0,0,0,21,25.0,73.9,42.0,13.8,0.7,1.0,0.7,0.7,0.0,False
367,Mamardashvili,Giorgi Mamardashvili,Liverpool,GKP,a,4.3,5,270,0,0,0,7,11,0,0,0,0,0,0,36,84.4,0.0,0.0,8.4,1.7,1.7,2.7,2.7,0.9,False
362,Piroe,Joël Piroe,Leeds,FWD,a,5.1,5,162,0,0,1,4,0,0,0,0,0,0,0,11,5.0,12.0,77.0,9.1,0.7,1.2,0.2,0.2,0.4,False
718,S.Magassa,Soungoutou Magassa,West Ham,MID,a,5.0,5,170,0,0,0,3,0,0,1,0,0,0,0,24,35.8,7.2,0.0,4.3,0.8,1.0,1.3,0.3,0.0,False
727,Chukwueze,Samuel Chukwueze,Fulham,MID,i,5.3,5,33,0,1,0,3,0,0,0,0,0,0,0,20,21.0,25.4,14.0,6.1,1.3,2.5,0.0,0.0,0.0,False
731,Kevin,Kevin Santos Lopes de Macedo,Fulham,MID,a,6.0,5,157,0,0,0,4,0,0,1,0,0,0,0,31,46.2,63.5,24.0,13.4,1.0,0.8,0.5,1.0,0.1,False
39,Maatsen,Ian Maatsen,Aston Villa,DEF,a,4.3,5,154,0,0,0,4,0,0,1,0,0,0,0,31,44.0,67.2,14.0,12.6,1.0,0.8,0.5,0.0,0.5,False
10,Lewis-Skelly,Myles Lewis-Skelly,Arsenal,DEF,a,5.2,5,85,0,0,0,0,0,0,1,0,0,0,0,16,7.8,7.2,4.0,1.8,0.7,0.8,1.2,1.7,1.7,False
634,Mosquera,Yerson Mosquera Valdelamar,Wolves,DEF,a,4.4,4,137,0,0,0,4,0,0,0,0,0,0,0,13,20.2,0.5,21.0,4.2,0.3,1.3,0.8,0.3,0.1,False
199,Worrall,Joe Worrall,Burnley,DEF,a,3.9,4,19,0,0,0,2,0,0,0,0,0,0,0,9,11.2,0.3,0.0,1.2,0.3,1.0,-0.2,-0.7,0.2,False
320,Diop,Issa Diop,Fulham,DEF,a,4.4,4,223,0,0,0,5,0,0,1,0,0,0,0,9,34.0,1.7,4.0,4.0,1.3,1.3,0.8,1.3,0.1,False
93,H.Traorè,Hamed Traorè,Bournemouth,MID,u,4.5,4,16,0,1,0,2,0,0,0,0,0,0,0,12,21.2,10.0,0.0,3.1,0.0,4.0,0.0,0.0,0.4,False
447,Heaven,Ayden Heaven,Man Utd,DEF,a,3.9,4,28,0,1,0,2,0,0,0,0,0,0,0,14,28.6,10.3,0.0,3.9,1.0,2.0,1.0,1.0,1.0,False
344,Bijol,Jaka Bijol,Leeds,DEF,a,3.9,4,90,0,0,0,1,0,0,0,0,0,0,0,18,24.8,10.2,0.0,3.5,1.3,4.0,0.8,0.8,0.1,False
426,McAtee,James McAtee,Nott'm Forest,MID,a,5.2,4,126,0,0,0,5,0,0,0,0,0,0,0,20,14.0,39.8,6.0,6.1,0.0,1.0,0.0,0.0,0.1,False
623,Potts,Freddie Potts,West Ham,MID,a,4.4,4,131,0,0,0,3,0,0,0,0,0,0,0,22,18.6,6.6,2.0,2.7,0.8,1.0,1.3,0.3,0.6,False
638,Hoever,Ki-Jana Hoever,Wolves,DEF,a,3.9,4,204,0,0,0,7,0,0,0,0,0,0,0,6,42.0,41.1,11.0,9.5,0.7,1.0,1.2,0.7,1.0,False
610,Wan-Bissaka,Aaron Wan-Bissaka,West Ham,DEF,a,4.3,4,381,0,0,0,13,0,0,0,0,0,0,0,5,62.0,69.2,12.0,14.4,0.8,0.8,1.3,0.3,6.0,False
389,Elliott,Harvey Elliott,Aston Villa,MID,n,5.4,4,97,0,0,0,2,0,0,0,0,0,0,0,13,8.6,17.8,18.0,4.4,0.0,1.0,-0.5,0.0,0.3,False
250,Delap,Liam Delap,Chelsea,FWD,a,6.2,4,91,0,0,0,1,0,0,0,0,0,0,0,12,8.0,3.5,43.0,5.0,0.0,1.3,0.0,0.5,0.9,False
494,Willock,Joe Willock,Newcastle,MID,a,5.0,4,86,0,0,1,0,0,0,0,0,0,0,0,16,10.6,2.2,6.0,1.8,0.0,2.0,0.5,0.5,0.1,False
591,Gray,Archie Gray,Spurs,MID,a,4.8,4,71,0,0,1,0,0,0,0,0,0,0,0,17,6.0,13.2,2.0,2.2,0.0,2.0,0.0,-0.5,0.1,False
163,Hinshelwood,Jack Hinshelwood,Brighton,MID,i,5.2,4,107,0,0,0,2,0,0,0,0,0,0,0,22,9.4,2.0,0.0,1.2,0.0,1.3,0.0,0.0,0.0,False
466,Zirkzee,Joshua Zirkzee,Man Utd,FWD,a,5.8,4,82,0,0,0,4,0,0,0,0,0,0,0,7,13.6,17.1,60.0,8.9,0.3,1.0,0.3,0.3,0.4,False
243,George,Tyrique George,Chelsea,MID,a,4.9,4,142,0,0,1,2,0,0,2,0,0,0,0,2,8.2,7.0,56.0,7.1,0.3,1.0,1.3,0.8,0.1,False
510,Jair Cunha,Jair Paula da Cunha Filho,Nott'm Forest,DEF,a,4.3,3,90,0,0,0,2,0,0,0,0,0,0,0,9,26.0,0.4,0.0,2.6,1.0,3.0,1.0,1.0,0.1,False
88,Cook,Lewis Cook,Bournemouth,MID,a,4.9,3,6,0,0,0,1,0,0,0,0,0,0,0,10,5.2,0.4,0.0,0.6,0.7,1.0,0.7,0.2,0.0,False
716,Savona,Nicolò Savona,Nott'm Forest,DEF,a,4.5,3,249,0,0,0,7,0,0,0,0,0,0,0,10,38.8,16.1,4.0,5.9,1.0,0.8,1.0,1.0,0.0,False
672,Hato,Jorrel Hato,Chelsea,DEF,a,4.7,3,166,0,0,0,2,0,0,2,0,0,0,0,5,24.0,3.3,6.0,3.2,0.3,0.8,1.3,0.8,0.2,False
732,Uche,Christantus Uche,Crystal Palace,FWD,a,5.5,3,8,0,0,0,1,0,0,0,0,0,0,0,12,3.4,0.8,19.0,2.3,0.7,1.0,0.2,0.7,0.0,False
680,Broja,Armando Broja,Burnley,FWD,a,5.3,3,42,0,0,0,4,0,0,0,0,0,0,0,7,6.2,0.9,2.0,1.0,0.3,1.0,-0.2,-0.7,0.1,False
376,Gomez,Joe Gomez,Liverpool,DEF,a,4.9,3,36,0,0,0,1,0,0,0,0,0,0,0,7,14.6,0.8,6.0,2.0,0.3,1.0,1.3,1.3,0.1,False
197,Sonne,Oliver Sonne,Burnley,DEF,a,3.9,3,102,0,0,0,4,0,0,0,0,0,0,0,-2,7.6,16.4,6.0,3.0,0.0,1.0,-0.5,-1.0,0.1,False
726,Kolo Muani,Randal Kolo Muani,Spurs,FWD,a,6.9,3,72,0,0,1,0,0,0,0,0,0,0,0,7,2.6,10.8,6.0,1.6,1.0,1.5,1.0,0.5,0.2,False
719,Lindelöf,Victor Lindelöf,Aston Villa,DEF,a,4.5,3,21,0,0,0,0,0,0,0,0,0,0,0,9,3.0,0.4,0.0,0.4,0.3,1.0,-0.2,-0.7,0.0,False
55,Barkley,Ross Barkley,Aston Villa,MID,a,4.8,3,30,0,0,0,0,0,0,0,0,0,0,0,8,8.4,4.7,7.0,2.0,1.0,1.0,0.5,0.0,0.0,False
607,N.Aguerd,Nayef Aguerd,West Ham,DEF,u,4.4,3,180,0,0,0,8,0,0,0,0,0,0,0,-1,39.0,3.9,8.0,5.1,0.0,1.5,0.0,0.0,0.0,False
707,Dibling,Tyler Dibling,Everton,MID,a,5.4,3,62,0,0,0,1,0,0,1,0,0,0,0,7,3.0,1.1,2.0,0.5,0.5,0.8,0.5,1.0,0.0,False
619,L.Guilherme,Luis Guilherme Lira dos Santos,West Ham,MID,a,4.9,3,54,0,0,0,1,0,0,0,0,0,0,0,5,1.6,0.6,4.0,0.4,0.2,1.0,0.7,-0.3,0.0,False
372,Robertson,Andrew Robertson,Liverpool,DEF,a,5.8,3,146,0,0,0,3,0,0,0,0,0,0,0,28,50.2,83.7,40.0,17.4,0.7,0.8,1.7,1.7,1.0,False
144,Coppola,Diego Coppola,Brighton,DEF,a,4.3,3,17,0,0,0,1,0,0,0,0,0,0,0,6,7.8,0.1,0.0,0.8,0.3,1.0,0.3,0.8,0.1,False
706,Justin,James Justin,Leeds,DEF,a,4.0,3,64,0,0,0,1,0,0,1,0,0,0,0,11,15.0,1.1,2.0,1.8,0.3,0.8,-0.2,-0.2,0.2,False
52,J.Ramsey,Jacob Ramsey,Newcastle,MID,a,5.3,3,79,0,0,0,2,0,0,0,0,0,0,0,16,17.6,54.1,7.0,7.9,0.3,1.0,0.8,0.8,0.2,False
230,Fofana,Wesley Fofana,Chelsea,DEF,a,4.4,3,129,0,0,0,3,0,0,0,0,0,0,0,18,27.2,4.3,0.0,3.2,0.0,1.0,1.0,0.5,0.2,False
316,Robinson,Antonee Robinson,Fulham,DEF,i,4.9,3,61,0,0,0,0,0,0,0,0,0,0,0,12,13.6,22.8,4.0,4.1,0.0,1.0,0.0,0.0,0.5,False
244,Lavia,Roméo Lavia,Chelsea,MID,a,4.9,3,91,0,0,0,3,0,0,0,0,0,0,0,20,9.6,7.1,0.0,1.6,0.7,1.0,1.7,1.2,0.0,False
728,Röhl,Merlin Röhl,Everton,MID,a,5.0,3,68,0,0,0,1,0,0,0,0,0,0,0,7,5.4,12.5,7.0,2.5,0.5,1.0,0.5,1.0,0.0,False
618,G.Rodriguez,Guido Rodríguez,West Ham,MID,a,4.8,3,89,0,0,0,2,0,0,0,0,0,0,0,14,3.4,2.5,2.0,0.8,0.2,1.5,0.7,-0.3,0.0,False
456,Sancho,Jadon Sancho,Aston Villa,MID,a,5.8,2,52,0,0,0,0,0,0,0,0,0,0,0,4,8.8,5.1,63.0,7.7,0.3,1.0,-0.2,-0.7,0.2,False
300,McNeil,Dwight McNeil,Everton,MID,a,5.6,2,23,0,0,0,0,0,0,0,0,0,0,0,4,0.0,11.5,8.0,1.8,0.2,1.0,0.2,0.7,0.1,False
294,Coleman,Séamus Coleman,Everton,DEF,a,4.3,2,2,0,0,0,0,0,0,0,0,0,0,0,7,0.0,0.0,0.0,0.0,0.2,1.0,0.2,0.7,0.1,False
542,Seelt,Jenson Seelt,Sunderland,DEF,u,4.0,2,133,0,0,0,2,0,0,0,0,0,0,0,11,33.6,2.4,0.0,3.6,0.0,1.0,0.0,0.0,0.1,False
632,Doherty,Matt Doherty,Wolves,DEF,a,4.4,2,291,0,0,0,6,0,0,3,0,0,0,0,15,49.4,21.8,4.0,7.6,0.7,0.5,1.2,0.7,0.1,False
596,Solanke,Dominic Solanke-Mitchell,Spurs,FWD,i,7.2,2,31,0,0,0,0,0,0,0,0,0,0,0,10,6.0,0.3,25.0,3.1,0.0,1.0,0.0,0.0,1.0,False
527,Awoniyi,Taiwo Awoniyi,Nott'm Forest,FWD,a,5.2,2,90,0,0,0,0,0,0,0,0,0,0,0,13,6.6,13.9,37.0,5.7,0.7,1.0,0.7,0.7,0.4,False
609,Todibo,Jean-Clair Todibo,West Ham,DEF,a,4.3,2,306,0,0,0,9,0,0,1,0,0,0,0,19,60.0,5.4,2.0,6.8,0.2,0.5,0.7,-0.3,0.1,False
626,Marshall,Callum Marshall,West Ham,FWD,a,4.4,2,58,0,0,0,2,0,0,0,0,0,0,0,0,1.2,0.1,7.0,0.8,0.5,1.0,1.0,0.0,0.7,False
549,Neil,Dan Neil,Sunderland,MID,a,4.8,2,2,0,0,0,0,0,0,0,0,0,0,0,7,2.0,0.0,0.0,0.2,0.3,1.0,-0.7,-0.2,0.0,False
285,Édouard,Odsonne Édouard,Crystal Palace,FWD,u,5.0,1,2,0,0,0,0,0,0,0,0,0,0,0,6,2.0,0.0,0.0,0.2,0.0,1.0,0.0,0.0,0.3,False
725,Hincapie,Piero Hincapié,Arsenal,DEF,a,5.4,1,8,0,0,0,0,0,0,0,0,0,0,0,4,0.0,0.3,0.0,0.0,0.3,1.0,0.8,1.3,0.0,False
259,Sosa,Borna Sosa,Crystal Palace,DEF,a,4.9,1,1,0,0,0,0,0,0,0,0,0,0,0,3,0.0,0.0,0.0,0.0,0.3,1.0,-0.2,0.3,0.1,False
545,Roberts,Patrick Roberts,Sunderland,MID,u,5.4,1,27,0,0,0,1,0,0,0,0,0,0,0,4,1.8,7.3,5.0,1.4,0.0,1.0,0.0,0.0,0.0,False
678,Masuaku,Arthur Masuaku,Sunderland,DEF,a,3.9,1,125,0,0,0,2,0,0,1,0,0,0,0,4,21.8,20.1,7.0,4.9,0.0,0.3,-1.0,-0.5,0.8,False
98,Enes Ünal,Enes Ünal,Bournemouth,FWD,a,5.4,1,1,0,0,0,0,0,0,0,0,0,0,0,3,0.0,0.0,0.0,0.0,0.3,1.0,0.2,-0.2,0.0,False
218,Barnes,Ashley Barnes,Burnley,FWD,a,4.3,1,7,0,0,0,0,0,0,0,0,0,0,0,3,0.2,0.3,0.0,0.1,0.3,1.0,-0.2,-0.7,1.3,False
149,Igor,Igor Julio dos Santos de Paulo,West Ham,DEF,a,4.5,1,1,0,0,0,0,0,0,0,0,0,0,0,3,0.0,0.0,0.0,0.0,0.2,1.0,0.7,-0.3,0.1,False
206,Edwards,Marcus Edwards,Burnley,MID,a,4.7,1,5,0,0,0,0,0,0,0,0,0,0,0,3,0.0,0.0,0.0,0.0,0.0,1.0,-0.5,-1.0,0.1,False
96,Winterburn,Ben Winterburn,Bournemouth,MID,u,4.5,1,6,0,0,0,2,0,0,0,0,0,0,0,3,0.0,0.0,0.0,0.0,0.0,1.0,0.0,0.0,0.0,False
172,Watson,Tom Watson,Brighton,MID,a,4.9,1,31,0,0,0,2,0,0,0,0,0,0,0,7,5.6,1.3,7.0,1.4,0.3,1.0,0.3,0.8,0.0,False
221,Jörgensen,Filip Jörgensen,Chelsea,GKP,a,4.4,1,84,0,0,0,2,1,0,0,0,0,0,0,4,9.4,0.0,0.0,0.9,0.0,1.0,1.0,0.5,0.2,False
422,Kovačić,Mateo Kovačić,Man City,MID,a,5.9,1,4,0,0,0,0,0,0,0,0,0,0,0,3,2.6,0.8,0.0,0.3,0.3,1.0,0.8,0.8,0.0,False
518,Jota,João Pedro Ferreira da Silva,Nott'm Forest,MID,u,5.4,1,11,0,0,0,0,0,0,0,0,0,0,0,6,5.0,0.5,4.0,1.0,0.0,1.0,0.0,0.0,0.0,False
702,Burrowes,Bradley Burrowes,Aston Villa,MID,a,4.5,1,16,0,0,0,1,0,0,0,0,0,0,0,3,0.0,0.3,0.0,0.0,0.0,1.0,-0.5,-1.0,0.1,False
480,Lascelles,Jamaal Lascelles,Newcastle,DEF,a,4.3,1,19,0,0,0,2,0,0,0,0,0,0,0,0,10.2,0.0,7.0,1.7,0.0,0.5,0.5,0.5,0.1,False
269,Esse,Romain Esse,Crystal Palace,MID,a,4.8,1,24,0,0,0,0,0,0,0,0,0,0,0,6,4.6,0.4,2.0,0.7,0.0,1.0,-0.5,0.0,0.1,False
737,Kusi-Asare,Jonah Kusi-Asare,Fulham,FWD,a,4.5,1,1,0,0,0,0,0,0,0,0,0,0,0,2,0.0,0.0,0.0,0.0,0.3,1.0,-0.2,0.3,0.1,False
346,Byram,Sam Byram,Leeds,DEF,a,3.9,1,7,0,0,0,1,0,0,0,0,0,0,0,-2,0.0,0.0,0.0,0.0,0.0,1.0,-0.5,-0.5,0.2,False
519,Dominguez,Nicolás Domínguez,Nott'm Forest,MID,a,5.0,1,52,0,0,0,1,0,0,1,0,0,0,0,9,7.0,14.4,0.0,2.2,0.3,0.5,0.3,0.3,0.0,False
80,Soler,Julio Soler Barreto,Bournemouth,DEF,a,4.0,1,1,0,0,0,0,0,0,0,0,0,0,0,2,0.0,0.0,0.0,0.0,0.0,1.0,0.0,-0.5,0.2,False
656,Kalajdžić,Saša Kalajdžić,Wolves,FWD,u,4.9,1,14,0,0,0,0,0,0,0,0,0,0,0,1,1.0,4.3,2.0,0.7,0.0,1.0,0.0,0.0,0.1,False
24,Nørgaard,Christian Nørgaard,Arsenal,MID,a,5.2,1,1,0,0,0,0,0,0,0,0,0,0,0,3,1.0,0.0,0.0,0.1,0.3,1.0,0.8,1.3,0.1,False
30,Havertz,Kai Havertz,Arsenal,FWD,i,7.3,1,30,0,0,0,0,0,0,0,0,0,0,0,4,2.8,0.8,2.0,0.6,0.0,1.0,0.0,0.0,0.3,False
122,Milambo,Antoni Milambo,Brentford,MID,i,5.3,1,45,0,0,0,3,0,0,0,0,0,0,0,5,4.0,1.8,0.0,0.6,0.0,1.0,0.0,0.0,0.0,False
168,Buonanotte,Facundo Buonanotte,Chelsea,MID,a,4.8,1,45,0,0,0,1,0,0,0,0,0,0,0,4,5.6,25.1,8.0,3.9,0.0,1.0,1.0,0.5,0.1,False
305,Armstrong,Harrison Armstrong,Everton,MID,u,4.5,1,1,0,0,0,0,0,0,0,0,0,0,0,3,0.0,0.0,0.0,0.0,0.0,1.0,0.0,0.0,0.1,False
263,Clyne,Nathaniel Clyne,Crystal Palace,DEF,a,3.9,1,4,0,0,0,0,0,0,0,0,0,0,0,5,3.4,0.5,0.0,0.4,0.0,1.0,-0.5,0.0,0.5,False
608,Scarles,Ollie Scarles,West Ham,DEF,d,4.4,1,69,0,0,0,3,0,0,0,0,0,0,0,-2,8.0,1.2,0.0,0.9,0.2,0.5,0.7,-0.2,0.0,False
361,Gyabi,Darko Gyabi,Leeds,MID,u,4.5,0,0,0,0,0,0,0,0,0,0,0,0,0,0,0.0,0.0,0.0,0.0,0.0,0.0,0.0,0.0,0.0,False
360,Gelhardt,Joe Gelhardt,Leeds,MID,u,4.5,0,0,0,0,0,0,0,0,0,0,0,0,0,0,0.0,0.0,0.0,0.0,0.0,0.0,0.0,0.0,0.0,False
359,Crew,Charlie Crew,Leeds,MID,u,4.5,0,0,0,0,0,0,0,0,0,0,0,0,0,0,0.0,0.0,0.0,0.0,0.0,0.0,0.0,0.0,0.0,False
357,Ramazani,Largie Ramazani,Leeds,MID,u,4.9,0,0,0,0,0,0,0,0,0,0,0,0,0,0,0.0,0.0,0.0,0.0,0.0,0.0,0.0,0.0,0.0,False
355,Greenwood,Sam Greenwood,Leeds,MID,u,4.9,0,0,0,0,0,0,0,0,0,0,0,0,0,0,0.0,0.0,0.0,0.0,0.0,0.0,0.0,0.0,0.0,False
298,Welch,Reece Welch,Everton,DEF,a,3.9,0,0,0,0,0,0,0,0,0,0,0,0,0,0,0.0,0.0,0.0,0.0,0.0,0.0,0.0,0.5,0.1,False
297,Dixon,Roman Dixon,Everton,DEF,a,3.9,0,0,0,0,0,0,0,0,0,0,0,0,0,0,0.0,0.0,0.0,0.0,0.0,0.0,0.0,0.5,0.2,False
380,Ramsay,Calvin Ramsay,Liverpool,DEF,a,3.9,0,0,0,0,0,0,0,0,0,0,0,0,0,0,0.0,0.0,0.0,0.0,0.0,0.0,1.0,1.0,0.2,False
723,Canvot,Jaydee Canvot,Crystal Palace,DEF,a,4.5,0,0,0,0,0,0,0,0,0,0,0,0,0,0,0.0,0.0,0.0,0.0,0.0,0.0,-0.5,0.0,0.0,False
690,Cardines,Rio Cardines,Crystal Palace,MID,a,4.4,0,0,0,0,0,0,0,0,0,0,0,0,0,0,0.0,0.0,0.0,0.0,0.0,0.0,-0.5,0.0,0.5,False
286,Marsh,Zach Marsh,Crystal Palace,FWD,a,4.5,0,0,0,0,0,0,0,0,0,0,0,0,0,0,0.0,0.0,0.0,0.0,0.0,0.0,-0.5,0.0,0.3,False
282,Umeh,Franco Umeh-Chibueze,Crystal Palace,MID,u,4.5,0,0,0,0,0,0,0,0,0,0,0,0,0,0,0.0,0.0,0.0,0.0,0.0,0.0,0.0,0.0,0.0,False
281,Rodney,Kaden Rodney,Crystal Palace,MID,a,4.5,0,0,0,0,0,0,0,0,0,0,0,0,0,0,0.0,0.0,0.0,0.0,0.0,0.0,-0.5,0.0,0.0,False
280,Ozoh,David Ozoh,Crystal Palace,MID,u,4.5,0,0,0,0,0,0,0,0,0,0,0,0,0,0,0.0,0.0,0.0,0.0,0.0,0.0,0.0,0.0,0.0,False
279,M.França,Matheus França de Oliveira,Crystal Palace,MID,u,4.5,0,0,0,0,0,0,0,0,0,0,0,0,0,0,0.0,0.0,0.0,0.0,0.0,0.0,0.0,0.0,0.0,False
278,J.Rak-Sakyi,Jesurun Rak-Sakyi,Crystal Palace,MID,u,4.4,0,0,0,0,0,0,0,0,0,0,0,0,0,0,0.0,0.0,0.0,0.0,0.0,0.0,0.0,0.0,0.0,False
277,Ebiowei,Malcolm Ebiowei,Crystal Palace,MID,u,4.5,0,0,0,0,0,0,0,0,0,0,0,0,0,0,0.0,0.0,0.0,0.0,0.0,0.0,0.0,0.0,0.0,False
275,Ahamada,Naouirou Ahamada,Crystal Palace,MID,a,4.4,0,0,0,0,0,0,0,0,0,0,0,0,0,0,0.0,0.0,0.0,0.0,0.0,0.0,-0.5,0.0,0.0,False
379,R.Williams,Rhys Williams,Liverpool,DEF,a,3.9,0,0,0,0,0,0,0,0,0,0,0,0,0,0,0.0,0.0,0.0,0.0,0.0,0.0,1.0,1.0,0.2,False
378,Nallo,Amara Nallo,Liverpool,DEF,a,3.8,0,0,0,0,0,0,0,0,0,0,0,0,0,0,0.0,0.0,0.0,0.0,0.0,0.0,1.0,1.0,0.3,False
377,Tsimikas,Konstantinos Tsimikas,Liverpool,DEF,u,4.8,0,0,0,0,0,0,0,0,0,0,0,0,0,0,0.0,0.0,0.0,0.0,0.0,0.0,0.0,0.0,0.1,False
692,Leoni,Giovanni Leoni,Liverpool,DEF,i,4.9,0,0,0,0,0,0,0,0,0,0,0,0,0,0,0.0,0.0,0.0,0.0,0.0,0.0,0.0,0.0,0.0,False
398,Danns,Jayden Danns,Liverpool,FWD,i,4.4,0,0,0,0,0,0,0,0,0,0,0,0,0,0,0.0,0.0,0.0,0.0,0.0,0.0,0.0,0.0,0.1,False
274,Agbinone,Asher Agbinone,Crystal Palace,MID,a,4.4,0,0,0,0,0,0,0,0,0,0,0,0,0,0,0.0,0.0,0.0,0.0,0.0,0.0,-0.5,0.0,0.1,False
268,Doucouré,Cheick Doucouré,Crystal Palace,MID,i,4.9,0,0,0,0,0,0,0,0,0,0,0,0,0,0,0.0,0.0,0.0,0.0,0.0,0.0,0.0,0.0,0.0,False
265,Kporha,Caleb Kporha,Crystal Palace,DEF,i,4.0,0,0,0,0,0,0,0,0,0,0,0,0,0,0,0.0,0.0,0.0,0.0,0.0,0.0,0.0,0.0,0.0,False
264,Holding,Rob Holding,Crystal Palace,DEF,u,4.0,0,0,0,0,0,0,0,0,0,0,0,0,0,0,0.0,0.0,0.0,0.0,0.0,0.0,0.0,0.0,0.0,False
262,Chadi Riad,Chadi Riad Dnanou,Crystal Palace,DEF,i,4.0,0,0,0,0,0,0,0,0,0,0,0,0,0,0,0.0,0.0,0.0,0.0,0.0,0.0,0.0,0.0,0.0,False
397,Darwin,Darwin Núñez Ribeiro,Liverpool,FWD,u,6.5,0,0,0,0,0,0,0,0,0,0,0,0,0,0,0.0,0.0,0.0,0.0,0.0,0.0,0.0,0.0,0.1,False
396,Nyoni,Trey Nyoni,Liverpool,MID,a,4.3,0,0,0,0,0,0,0,0,0,0,0,0,0,0,0.0,0.0,0.0,0.0,0.0,0.0,1.0,1.0,0.6,False
395,Morton,Tyler Morton,Liverpool,MID,u,4.5,0,0,0,0,0,0,0,0,0,0,0,0,0,0,0.0,0.0,0.0,0.0,0.0,0.0,0.0,0.0,0.0,False
394,McConnell,James McConnell,Liverpool,MID,u,4.4,0,0,0,0,0,0,0,0,0,0,0,0,0,0,0.0,0.0,0.0,0.0,0.0,0.0,0.0,0.0,0.0,False
393,Bajcetic,Stefan Bajčetić Maquieira,Liverpool,MID,i,4.3,0,0,0,0,0,0,0,0,0,0,0,0,0,0,0.0,0.0,0.0,0.0,0.0,0.0,0.0,0.0,0.0,False
383,Luis Díaz,Luis Díaz Marulanda,Liverpool,MID,u,8.0,0,0,0,0,0,0,0,0,0,0,0,0,0,0,0.0,0.0,0.0,0.0,0.0,0.0,0.0,0.0,0.0,False
229,B.Badiashile,Benoît Badiashile Mukinayi,Chelsea,DEF,i,4.4,0,65,0,0,0,2,0,0,1,0,0,0,0,3,16.0,1.7,0.0,1.8,0.3,0.0,0.0,0.0,0.0,False
255,Matthews,Remi Matthews,Crystal Palace,GKP,a,4.0,0,0,0,0,0,0,0,0,0,0,0,0,0,0,0.0,0.0,0.0,0.0,0.0,0.0,-0.5,0.0,0.1,False
254,Benitez,Walter Benítez,Crystal Palace,GKP,a,4.0,0,0,0,0,0,0,0,0,0,0,0,0,0,0,0.0,0.0,0.0,0.0,0.0,0.0,-0.5,0.0,0.3,False
743,Emenalo,Landon Emenalo,Chelsea,MID,a,4.5,0,0,0,0,0,0,0,0,0,0,0,0,0,0,0.0,0.0,0.0,0.0,0.0,0.0,1.0,0.5,0.0,False
251,N.Jackson,Nicolas Jackson,Chelsea,FWD,u,6.5,0,0,0,0,0,0,0,0,0,0,0,0,0,0,0.0,0.0,0.0,0.0,0.0,0.0,0.0,0.0,0.1,False
248,Paez,Kendry Páez Andrade,Chelsea,MID,u,4.5,0,0,0,0,0,0,0,0,0,0,0,0,0,0,0.0,0.0,0.0,0.0,0.0,0.0,0.0,0.0,0.0,False
247,D.Essugo,Dário Luís Essugo,Chelsea,MID,i,4.3,0,0,0,0,0,0,0,0,0,0,0,0,0,0,0.0,0.0,0.0,0.0,0.0,0.0,0.0,0.0,0.1,False
245,Mudryk,Mykhailo Mudryk,Chelsea,MID,s,5.0,0,0,0,0,0,0,0,0,0,0,0,0,0,0,0.0,0.0,0.0,0.0,0.0,0.0,0.0,0.0,0.0,False
404,Akanji,Manuel Akanji,Man City,DEF,u,5.4,0,0,0,0,0,0,0,0,0,0,0,0,0,0,0.0,0.0,0.0,0.0,0.0,0.0,0.0,0.0,0.3,False
401,Bettinelli,Marcus Bettinelli,Man City,GKP,a,4.0,0,0,0,0,0,0,0,0,0,0,0,0,0,0,0.0,0.0,0.0,0.0,0.0,0.0,0.5,0.5,0.1,False
400,Ortega Moreno,Stefan Ortega Moreno,Man City,GKP,a,4.8,0,0,0,0,0,0,0,0,0,0,0,0,0,0,0.0,0.0,0.0,0.0,0.0,0.0,0.5,0.5,0.2,False
399,Ederson M.,Ederson Santana de Moraes,Man City,GKP,u,5.3,0,0,0,0,0,0,0,0,0,0,0,0,0,0,0.0,0.0,0.0,0.0,0.0,0.0,0.0,0.0,1.0,False
746,Morrison,Kieran Morrison,Liverpool,MID,a,4.5,0,0,0,0,0,0,0,0,0,0,0,0,0,0,0.0,0.0,0.0,0.0,0.0,0.0,2.2,2.2,0.0,False
223,Slonina,Gabriel Słonina,Chelsea,GKP,a,3.9,0,0,0,0,0,0,0,0,0,0,0,0,0,0,0.0,0.0,0.0,0.0,0.0,0.0,1.0,0.5,0.1,False
222,Penders,Mike Penders,Chelsea,GKP,u,4.0,0,0,0,0,0,0,0,0,0,0,0,0,0,0,0.0,0.0,0.0,0.0,0.0,0.0,0.0,0.0,0.0,False
744,Oriola,Nehemiah Oriola,Brighton,MID,a,4.5,0,0,0,0,0,0,0,0,0,0,0,0,0,0,0.0,0.0,0.0,0.0,0.0,0.0,0.0,0.5,0.0,False
179,Ferguson,Evan Ferguson,Brighton,FWD,u,5.5,0,0,0,0,0,0,0,0,0,0,0,0,0,0,0.0,0.0,0.0,0.0,0.0,0.0,0.0,0.0,0.0,False
177,Moran,Andrew Moran,Brighton,MID,u,4.5,0,0,0,0,0,0,0,0,0,0,0,0,0,0,0.0,0.0,0.0,0.0,0.0,0.0,0.0,0.0,0.0,False
176,Mazilu,Adrian Mazilu,Brighton,MID,u,4.5,0,0,0,0,0,0,0,0,0,0,0,0,0,0,0.0,0.0,0.0,0.0,0.0,0.0,0.0,0.0,0.0,False
420,Gündoğan,İlkay Gündoğan,Man City,MID,u,6.3,0,0,0,0,0,0,0,0,0,0,0,0,0,0,0.0,0.0,0.0,0.0,0.0,0.0,0.0,0.0,0.1,False
412,Vitor Reis,Vitor de Oliveira Nunes dos Reis,Man City,DEF,u,5.0,0,0,0,0,0,0,0,0,0,0,0,0,0,0,0.0,0.0,0.0,0.0,0.0,0.0,0.0,0.0,0.0,False
240,Nkunku,Christopher Nkunku,Chelsea,MID,u,5.9,0,0,0,0,0,0,0,0,0,0,0,0,0,0,0.0,0.0,0.0,0.0,0.0,0.0,0.0,0.0,0.1,False
234,Anselmino,Aarón Anselmino,Chelsea,DEF,u,4.0,0,0,0,0,0,0,0,0,0,0,0,0,0,0,0.0,0.0,0.0,0.0,0.0,0.0,0.0,0.0,0.1,False
231,M.Sarr,Mamadou Sarr,Chelsea,DEF,u,4.5,0,0,0,0,0,0,0,0,0,0,0,0,0,0,0.0,0.0,0.0,0.0,0.0,0.0,0.0,0.0,0.0,False
171,Sarmiento,Jeremy Sarmiento Morante,Brighton,MID,u,4.9,0,0,0,0,0,0,0,0,0,0,0,0,0,0,0.0,0.0,0.0,0.0,0.0,0.0,0.0,0.0,0.0,False
165,Sima,Abdallah Sima,Brighton,MID,u,5.4,0,0,0,0,0,0,0,0,0,0,0,0,0,0,0.0,0.0,0.0,0.0,0.0,0.0,0.0,0.0,0.0,False
161,Enciso,Julio Enciso Espínola,Brighton,MID,u,5.4,0,0,0,0,0,0,0,0,0,0,0,0,0,0,0.0,0.0,0.0,0.0,0.0,0.0,0.0,0.0,0.0,False
159,March,Solly March,Brighton,MID,i,5.8,0,0,0,0,0,0,0,0,0,0,0,0,0,0,0.0,0.0,0.0,0.0,0.0,0.0,0.0,0.0,0.0,False
435,Mee,Dermot Mee,Man Utd,GKP,a,4.0,0,0,0,0,0,0,0,0,0,0,0,0,0,0,0.0,0.0,0.0,0.0,0.0,0.0,0.0,0.0,0.1,False
434,Heaton,Tom Heaton,Man Utd,GKP,a,3.9,0,0,0,0,0,0,0,0,0,0,0,0,0,0,0.0,0.0,0.0,0.0,0.0,0.0,0.0,0.0,0.3,False
433,Harrison,Elyh Harrison,Man Utd,GKP,u,4.0,0,0,0,0,0,0,0,0,0,0,0,0,0,0,0.0,0.0,0.0,0.0,0.0,0.0,0.0,0.0,0.0,False
432,Onana,André Onana,Man Utd,GKP,u,4.9,0,0,0,0,0,0,0,0,0,0,0,0,0,0,0.0,0.0,0.0,0.0,0.0,0.0,0.0,0.0,0.2,False
742,McAidoo,Ryan McAidoo,Man City,MID,a,4.5,0,0,0,0,0,0,0,0,0,0,0,0,0,0,0.0,0.0,0.0,0.0,0.0,0.0,0.5,0.5,0.0,False
740,Mfuni,Stephen Mfuni,Man City,DEF,a,4.0,0,0,0,0,0,0,0,0,0,0,0,0,0,0,0.0,0.0,0.0,0.0,0.0,0.0,0.5,0.5,0.0,False
739,Mukasa,Divine Mukasa,Man City,MID,a,4.5,0,0,0,0,0,0,0,0,0,0,0,0,0,0,0.0,0.0,0.0,0.0,0.0,0.0,0.5,0.5,0.0,False
429,Phillips,Kalvin Phillips,Man City,MID,a,4.8,0,0,0,0,0,0,0,0,0,0,0,0,0,0,0.0,0.0,0.0,0.0,0.0,0.0,0.5,0.5,0.1,False
428,Nypan,Sverre Nypan,Man City,MID,u,5.0,0,0,0,0,0,0,0,0,0,0,0,0,0,0,0.0,0.0,0.0,0.0,0.0,0.0,0.0,0.0,0.0,False
425,Echeverri,Claudio Echeverri,Man City,MID,u,5.4,0,0,0,0,0,0,0,0,0,0,0,0,0,0,0.0,0.0,0.0,0.0,0.0,0.0,0.0,0.0,0.0,False
227,Colwill,Levi Samuels Colwill,Chelsea,DEF,i,4.8,0,0,0,0,0,0,0,0,0,0,0,0,0,0,0.0,0.0,0.0,0.0,0.0,0.0,0.0,0.0,0.1,False
153,Webster,Adam Webster,Brighton,DEF,i,4.4,0,0,0,0,0,0,0,0,0,0,0,0,0,0,0.0,0.0,0.0,0.0,0.0,0.0,0.0,0.0,0.0,False
150,Lamptey,Tariq Lamptey,Brighton,DEF,u,4.4,0,0,0,0,0,0,0,0,0,0,0,0,0,0,0.0,0.0,0.0,0.0,0.0,0.0,0.0,0.0,0.1,False
147,Estupiñan,Pervis Estupiñán Tenorio,Brighton,DEF,u,4.5,0,0,0,0,0,0,0,0,0,0,0,0,0,0,0.0,0.0,0.0,0.0,0.0,0.0,0.0,0.0,0.0,False
143,Boscagli,Olivier Boscagli,Brighton,DEF,a,4.3,0,0,0,0,0,0,0,0,0,0,0,0,0,0,0.0,0.0,0.0,0.0,0.0,0.0,0.0,0.5,0.1,False
142,Scherpen,Kjell Scherpen,Brighton,GKP,u,4.0,0,0,0,0,0,0,0,0,0,0,0,0,0,0,0.0,0.0,0.0,0.0,0.0,0.0,0.0,0.0,0.0,False
451,Rashford,Marcus Rashford,Man Utd,MID,u,7.0,0,0,0,0,0,0,0,0,0,0,0,0,0,0,0.0,0.0,0.0,0.0,0.0,0.0,0.0,0.0,0.0,False
448,Malacia,Tyrell Malacia,Man Utd,DEF,a,3.9,0,0,0,0,0,0,0,0,0,0,0,0,0,0,0.0,0.0,0.0,0.0,0.0,0.0,0.0,0.0,0.3,False
446,Fredricson,Tyler Fredricson,Man Utd,DEF,a,3.9,0,0,0,0,0,0,0,0,0,0,0,0,0,0,0.0,0.0,0.0,0.0,0.0,0.0,0.0,0.0,0.1,False
445,Amass,Harry Amass,Man Utd,DEF,u,4.0,0,0,0,0,0,0,0,0,0,0,0,0,0,0,0.0,0.0,0.0,0.0,0.0,0.0,0.0,0.0,0.1,False
439,D.Leon,Diego León Blanco,Man Utd,DEF,a,4.3,0,0,0,0,0,0,0,0,0,0,0,0,0,0,0.0,0.0,0.0,0.0,0.0,0.0,0.0,0.0,0.1,False
437,Martinez,Lisandro Martínez,Man Utd,DEF,i,4.8,0,0,0,0,0,0,0,0,0,0,0,0,0,0,0.0,0.0,0.0,0.0,0.0,0.0,0.0,0.0,0.1,False
175,Knight,Joe Knight,Brighton,MID,a,4.5,0,0,0,0,0,0,0,0,0,0,0,0,0,0,0.0,0.0,0.0,0.0,0.0,0.0,0.0,0.5,0.1,False
174,Yalcouye,Malick Yalcouyé,Brighton,MID,u,5.0,0,0,0,0,0,0,0,0,0,0,0,0,0,0,0.0,0.0,0.0,0.0,0.0,0.0,0.0,0.0,0.0,False
471,Gillespie,Mark Gillespie,Newcastle,GKP,a,4.0,0,0,0,0,0,0,0,0,0,0,0,0,0,0,0.0,0.0,0.0,0.0,0.0,0.0,0.5,0.5,0.1,False
135,Wissa,Yoane Wissa,Newcastle,FWD,i,7.4,0,0,0,0,0,0,0,0,0,0,0,0,0,0,0.0,0.0,0.0,0.0,0.0,0.0,0.0,0.0,0.5,False
468,Wheatley,Ethan Wheatley,Man Utd,FWD,u,4.5,0,0,0,0,0,0,0,0,0,0,0,0,0,0,0.0,0.0,0.0,0.0,0.0,0.0,0.0,0.0,0.1,False
467,Obi,Chido Obi,Man Utd,FWD,a,4.3,0,0,0,0,0,0,0,0,0,0,0,0,0,0,0.0,0.0,0.0,0.0,0.0,0.0,0.0,0.0,1.6,False
465,Højlund,Rasmus Højlund,Man Utd,FWD,u,6.3,0,0,0,0,0,0,0,0,0,0,0,0,0,0,0.0,0.0,0.0,0.0,0.0,0.0,0.0,0.0,0.3,False
464,Moorhouse,Jack Moorhouse,Man Utd,MID,u,4.5,0,0,0,0,0,0,0,0,0,0,0,0,0,0,0.0,0.0,0.0,0.0,0.0,0.0,0.0,0.0,0.0,False
463,Kone,Sékou Koné,Man Utd,MID,a,4.4,0,0,0,0,0,0,0,0,0,0,0,0,0,0,0.0,0.0,0.0,0.0,0.0,0.0,0.0,0.0,0.1,False
462,J.Fletcher,Jack Fletcher,Man Utd,MID,a,4.4,0,0,0,0,0,0,0,0,0,0,0,0,0,0,0.0,0.0,0.0,0.0,0.0,0.0,0.0,0.0,0.1,False
461,Fitzgerald,Jayce Fitzgerald,Man Utd,MID,a,4.4,0,0,0,0,0,0,0,0,0,0,0,0,0,0,0.0,0.0,0.0,0.0,0.0,0.0,0.0,0.0,0.0,False
460,Collyer,Toby Collyer,Man Utd,MID,u,4.5,0,0,0,0,0,0,0,0,0,0,0,0,0,0,0.0,0.0,0.0,0.0,0.0,0.0,0.0,0.0,0.0,False
454,Antony,Antony dos Santos,Man Utd,MID,u,5.9,0,0,0,0,0,0,0,0,0,0,0,0,0,0,0.0,0.0,0.0,0.0,0.0,0.0,0.0,0.0,0.1,False
156,Tasker,Charlie Tasker,Brighton,DEF,a,3.9,0,0,0,0,0,0,0,0,0,0,0,0,0,0,0.0,0.0,0.0,0.0,0.0,0.0,0.0,0.5,0.1,False
155,Slater,Jacob Slater,Brighton,DEF,u,4.0,0,0,0,0,0,0,0,0,0,0,0,0,0,0,0.0,0.0,0.0,0.0,0.0,0.0,0.0,0.0,0.1,False
154,Cashin,Eiran Cashin,Brighton,DEF,u,4.0,0,0,0,0,0,0,0,0,0,0,0,0,0,0,0.0,0.0,0.0,0.0,0.0,0.0,0.0,0.0,0.0,False
141,Rushworth,Carl Rushworth,Brighton,GKP,u,4.0,0,0,0,0,0,0,0,0,0,0,0,0,0,0,0.0,0.0,0.0,0.0,0.0,0.0,0.0,0.0,0.0,False
140,McGill,Tom McGill,Brighton,GKP,a,4.0,0,0,0,0,0,0,0,0,0,0,0,0,0,0,0.0,0.0,0.0,0.0,0.0,0.0,0.0,0.5,0.3,False
138,Steele,Jason Steele,Brighton,GKP,a,4.3,0,0,0,0,0,0,0,0,0,0,0,0,0,0,0.0,0.0,0.0,0.0,0.0,0.0,0.0,0.5,0.3,False
137,Morgan,Iwan Morgan,Brentford,FWD,a,4.4,0,0,0,0,0,0,0,0,0,0,0,0,0,0,0.0,0.0,0.0,0.0,0.0,0.0,-1.0,0.0,0.4,False
134,Trevitt,Ryan Trevitt,Brentford,MID,u,4.5,0,0,0,0,0,0,0,0,0,0,0,0,0,0,0.0,0.0,0.0,0.0,0.0,0.0,0.0,0.0,0.0,False
133,Peart-Harris,Myles Peart-Harris,Brentford,MID,a,4.4,0,0,0,0,0,0,0,0,0,0,0,0,0,0,0.0,0.0,0.0,0.0,0.0,0.0,-1.0,0.0,0.0,False
132,Maghoma,Paris Maghoma,Brentford,MID,a,4.5,0,0,0,0,0,0,0,0,0,0,0,0,0,0,0.0,0.0,0.0,0.0,0.0,0.0,-1.0,0.0,0.0,False
131,Konak,Yunus Emre Konak,Brentford,MID,a,4.4,0,0,0,0,0,0,0,0,0,0,0,0,0,0,0.0,0.0,0.0,0.0,0.0,0.0,-1.0,0.0,0.2,False
130,Donovan,Romelle Donovan,Brentford,MID,a,4.5,0,0,0,0,0,0,0,0,0,0,0,0,0,0,0.0,0.0,0.0,0.0,0.0,0.0,-1.0,0.0,0.1,False
127,Nunes,Gustavo Nunes Fernandes Gomes,Brentford,MID,a,4.9,0,0,0,0,0,0,0,0,0,0,0,0,0,0,0.0,0.0,0.0,0.0,0.0,0.0,-1.0,0.0,0.0,False
483,Pivas,Miodrag Pivaš,Newcastle,DEF,a,3.9,0,0,0,0,0,0,0,0,0,0,0,0,0,0,0.0,0.0,0.0,0.0,0.0,0.0,0.5,0.5,0.2,False
482,Ashby,Harrison Ashby,Newcastle,DEF,i,3.9,0,0,0,0,0,0,0,0,0,0,0,0,0,0,0.0,0.0,0.0,0.0,0.0,0.0,0.0,0.0,0.1,False
481,A.Murphy,Alex Murphy,Newcastle,DEF,a,3.9,0,0,0,0,0,0,0,0,0,0,0,0,0,0,0.0,0.0,0.0,0.0,0.0,0.0,0.5,0.5,0.6,False
479,Krafth,Emil Krafth,Newcastle,DEF,a,4.4,0,0,0,0,0,0,0,0,0,0,0,0,0,0,0.0,0.0,0.0,0.0,0.0,0.0,0.5,0.5,0.0,False
472,Odysseas,Odysseas Vlachodimos,Newcastle,GKP,u,4.0,0,0,0,0,0,0,0,0,0,0,0,0,0,0,0.0,0.0,0.0,0.0,0.0,0.0,0.0,0.0,0.0,False
27,Nelson,Reiss Nelson,Brentford,MID,a,4.8,0,0,0,0,0,0,0,0,0,0,0,0,0,0,0.0,0.0,0.0,0.0,0.0,0.0,-1.0,0.0,0.1,False
687,Rees-Dottin,Remy Rees-Dottin,Bournemouth,MID,a,4.4,0,0,0,0,0,0,0,0,0,0,0,0,0,0,0.0,0.0,0.0,0.0,0.0,0.0,0.0,-0.5,0.1,False
2,Arrizabalaga,Kepa Arrizabalaga Revuelta,Arsenal,GKP,a,4.2,0,0,0,0,0,0,0,0,0,0,0,0,0,0,0.0,0.0,0.0,0.0,0.0,0.0,0.5,1.0,0.5,False
118,Meghoma,Jayden Meghoma,Brentford,DEF,u,4.0,0,0,0,0,0,0,0,0,0,0,0,0,0,0,0.0,0.0,0.0,0.0,0.0,0.0,0.0,0.0,0.1,False
117,Ji-soo,Kim Ji-soo,Brentford,DEF,u,3.9,0,0,0,0,0,0,0,0,0,0,0,0,0,0,0.0,0.0,0.0,0.0,0.0,0.0,0.0,0.0,0.1,False
115,Fredrick,Benjamin Fredrick,Brentford,DEF,u,4.0,0,0,0,0,0,0,0,0,0,0,0,0,0,0,0.0,0.0,0.0,0.0,0.0,0.0,0.0,0.0,0.1,False
114,Arthur,Benjamin Arthur,Brentford,DEF,a,3.9,0,0,0,0,0,0,0,0,0,0,0,0,0,0,0.0,0.0,0.0,0.0,0.0,0.0,-1.0,0.0,0.2,False
112,Roerslev,Mads Roerslev Rasmussen,Brentford,DEF,u,4.5,0,0,0,0,0,0,0,0,0,0,0,0,0,0,0.0,0.0,0.0,0.0,0.0,0.0,0.0,0.0,0.0,False
111,Pinnock,Ethan Pinnock,Brentford,DEF,a,4.3,0,155,0,0,0,4,0,0,1,0,0,0,1,1,31.8,0.8,10.0,4.3,0.0,0.0,-1.0,0.0,0.1,False
501,Neave,Sean Neave,Newcastle,FWD,a,4.4,0,0,0,0,0,0,0,0,0,0,0,0,0,0,0.0,0.0,0.0,0.0,0.0,0.0,0.5,0.5,0.2,False
498,White,Joe White,Newcastle,MID,u,4.5,0,0,0,0,0,0,0,0,0,0,0,0,0,0,0.0,0.0,0.0,0.0,0.0,0.0,0.0,0.0,0.0,False
496,Kuol,Garang Kuol,Newcastle,MID,u,4.4,0,0,0,0,0,0,0,0,0,0,0,0,0,0,0.0,0.0,0.0,0.0,0.0,0.0,0.0,0.0,0.0,False
495,Hayden,Isaac Hayden,Newcastle,MID,u,4.5,0,0,0,0,0,0,0,0,0,0,0,0,0,0,0.0,0.0,0.0,0.0,0.0,0.0,0.0,0.0,0.0,False
9,Kiwior,Jakub Kiwior,Arsenal,DEF,u,5.4,0,0,0,0,0,0,0,0,0,0,0,0,0,0,0.0,0.0,0.0,0.0,0.0,0.0,0.0,0.0,0.1,False
492,Antoñito C.,Antoñito Cordero Campillo,Newcastle,MID,u,4.9,0,0,0,0,0,0,0,0,0,0,0,0,0,0,0.0,0.0,0.0,0.0,0.0,0.0,0.0,0.0,0.0,False
484,Targett,Matt Targett,Newcastle,DEF,u,4.0,0,0,0,0,0,0,0,0,0,0,0,0,0,0,0.0,0.0,0.0,0.0,0.0,0.0,0.0,0.0,0.2,False
29,Sambi,Albert Sambi Lokonga,Arsenal,MID,u,4.5,0,0,0,0,0,0,0,0,0,0,0,0,0,0,0.0,0.0,0.0,0.0,0.0,0.0,0.0,0.0,0.1,False
3,Hein,Karl Hein,Arsenal,GKP,u,4.0,0,0,0,0,0,0,0,0,0,0,0,0,0,0,0.0,0.0,0.0,0.0,0.0,0.0,0.0,0.0,0.3,False
514,Boly,Willy Boly,Nott'm Forest,DEF,a,3.9,0,0,0,0,0,0,0,0,0,0,0,0,0,0,0.0,0.0,0.0,0.0,0.0,0.0,0.0,0.0,0.5,False
513,Abbott,Zach Abbott,Nott'm Forest,DEF,a,3.9,0,0,0,0,0,0,0,0,0,0,0,0,0,0,0.0,0.0,0.0,0.0,0.0,0.0,0.0,0.0,0.2,False
512,O.Richards,Omar Richards,Nott'm Forest,DEF,u,4.5,0,0,0,0,0,0,0,0,0,0,0,0,0,0,0.0,0.0,0.0,0.0,0.0,0.0,0.0,0.0,0.0,False
4,Setford,Tommy Setford,Arsenal,GKP,a,4.0,0,0,0,0,0,0,0,0,0,0,0,0,0,0,0.0,0.0,0.0,0.0,0.0,0.0,0.5,1.0,0.2,False
509,David Carmo,David Mota Veiga Teixeira do Carmo,Nott'm Forest,DEF,u,4.5,0,0,0,0,0,0,0,0,0,0,0,0,0,0,0.0,0.0,0.0,0.0,0.0,0.0,0.0,0.0,0.0,False
504,Turner,Matt Turner,Nott'm Forest,GKP,u,4.0,0,0,0,0,0,0,0,0,0,0,0,0,0,0,0.0,0.0,0.0,0.0,0.0,0.0,0.0,0.0,0.1,False
503,C.Miguel,Carlos Miguel dos Santos Pereira,Nott'm Forest,GKP,u,4.0,0,0,0,0,0,0,0,0,0,0,0,0,0,0,0.0,0.0,0.0,0.0,0.0,0.0,0.0,0.0,0.1,False
641,Pond,Alfie Pond,Wolves,DEF,a,3.9,0,0,0,0,0,0,0,0,0,0,0,0,0,0,0.0,0.0,0.0,0.0,0.0,0.0,0.5,0.0,1.4,False
689,Seung soo,Seung-Soo Park,Newcastle,MID,a,4.4,0,0,0,0,0,0,0,0,0,0,0,0,0,0,0.0,0.0,0.0,0.0,0.0,0.0,0.5,0.5,0.3,False
674,Ramsdale,Aaron Ramsdale,Newcastle,GKP,a,4.8,0,0,0,0,0,0,0,0,0,0,0,0,0,0,0.0,0.0,0.0,0.0,0.0,0.0,0.5,0.5,0.6,False
105,Valdimarsson,Hákon Rafn Valdimarsson,Brentford,GKP,a,3.9,0,0,0,0,0,0,0,0,0,0,0,0,0,0,0.0,0.0,0.0,0.0,0.0,0.0,-1.0,0.0,0.7,False
104,Eyestone,Julian Eyestone,Brentford,GKP,a,4.0,0,0,0,0,0,0,0,0,0,0,0,0,0,0,0.0,0.0,0.0,0.0,0.0,0.0,-1.0,0.0,0.1,False
103,Cox,Matthew Cox,Brentford,GKP,a,4.0,0,0,0,0,0,0,0,0,0,0,0,0,0,0,0.0,0.0,0.0,0.0,0.0,0.0,-1.0,0.0,0.1,False
102,Balcombe,Ellery Balcombe,Brentford,GKP,a,4.0,0,0,0,0,0,0,0,0,0,0,0,0,0,0,0.0,0.0,0.0,0.0,0.0,0.0,-1.0,0.0,0.3,False
715,John,John Victor Maciel Furtado,Nott'm Forest,GKP,a,4.0,0,0,0,0,0,0,0,0,0,0,0,0,0,0,0.0,0.0,0.0,0.0,0.0,0.0,0.0,0.0,0.3,False
675,Gunn,Angus Gunn,Nott'm Forest,GKP,a,4.0,0,0,0,0,0,0,0,0,0,0,0,0,0,0,0.0,0.0,0.0,0.0,0.0,0.0,0.0,0.0,1.5,False
99,Adu-Adjei,Daniel Adu-Adjei,Bournemouth,FWD,u,4.4,0,0,0,0,0,0,0,0,0,0,0,0,0,0,0.0,0.0,0.0,0.0,0.0,0.0,0.0,0.0,0.2,False
640,Pedro Lima,Pedro Cardoso de Lima,Wolves,DEF,u,4.0,0,0,0,0,0,0,0,0,0,0,0,0,0,0,0.0,0.0,0.0,0.0,0.0,0.0,0.0,0.0,0.5,False
639,Meupiyou,Bastien Meupiyou Menadjou,Wolves,DEF,u,4.0,0,0,0,0,0,0,0,0,0,0,0,0,0,0,0.0,0.0,0.0,0.0,0.0,0.0,0.0,0.0,0.0,False
95,Silcott-Duberry,Zain Silcott-Duberry,Bournemouth,MID,u,4.4,0,0,0,0,0,0,0,0,0,0,0,0,0,0,0.0,0.0,0.0,0.0,0.0,0.0,0.0,0.0,0.1,False
94,Sadi,Dominic Sadi,Bournemouth,MID,u,4.5,0,0,0,0,0,0,0,0,0,0,0,0,0,0,0.0,0.0,0.0,0.0,0.0,0.0,0.0,0.0,0.0,False
629,Bentley,Daniel Bentley,Wolves,GKP,a,4.0,0,0,0,0,0,0,0,0,0,0,0,0,0,0,0.0,0.0,0.0,0.0,0.0,0.0,0.5,0.0,0.6,False
92,Faivre,Romain Faivre,Bournemouth,MID,u,4.5,0,0,0,0,0,0,0,0,0,0,0,0,0,0,0.0,0.0,0.0,0.0,0.0,0.0,0.0,0.0,0.1,False
91,Sinisterra,Luis Sinisterra Lucumí,Bournemouth,MID,u,5.0,0,0,0,0,0,0,0,0,0,0,0,0,0,0,0.0,0.0,0.0,0.0,0.0,0.0,0.0,0.0,0.0,False
89,Philip,Philip Billing,Bournemouth,MID,u,4.9,0,0,0,0,0,0,0,0,0,0,0,0,0,0,0.0,0.0,0.0,0.0,0.0,0.0,0.0,0.0,0.0,False
35,Marschall,Filip Marschall,Aston Villa,GKP,u,4.0,0,0,0,0,0,0,0,0,0,0,0,0,0,0,0.0,0.0,0.0,0.0,0.0,0.0,0.0,0.0,0.0,False
34,Gauci,Joe Gauci,Aston Villa,GKP,u,4.0,0,0,0,0,0,0,0,0,0,0,0,0,0,0,0.0,0.0,0.0,0.0,0.0,0.0,0.0,0.0,0.1,False
524,Stamenic,Marko Stamenić,Nott'm Forest,MID,u,4.5,0,0,0,0,0,0,0,0,0,0,0,0,0,0,0.0,0.0,0.0,0.0,0.0,0.0,0.0,0.0,0.0,False
523,Da Silva Moreira,Eric da Silva Moreira,Nott'm Forest,MID,u,4.5,0,0,0,0,0,0,0,0,0,0,0,0,0,0,0.0,0.0,0.0,0.0,0.0,0.0,0.0,0.0,0.1,False
520,O'Brien,Lewis O'Brien,Nott'm Forest,MID,u,5.0,0,0,0,0,0,0,0,0,0,0,0,0,0,0,0.0,0.0,0.0,0.0,0.0,0.0,0.0,0.0,0.0,False
711,Harriman-Annous,Andre Harriman-Annous,Arsenal,MID,a,4.5,0,0,0,0,0,0,0,0,0,0,0,0,0,0,0.0,0.0,0.0,0.0,0.0,0.0,0.5,1.0,0.0,False
79,Mepham,Chris Mepham,Bournemouth,DEF,u,4.0,0,0,0,0,0,0,0,0,0,0,0,0,0,0,0.0,0.0,0.0,0.0,0.0,0.0,0.0,0.0,0.1,False
78,J.Araujo,Julián Araujo Zúñiga,Bournemouth,DEF,a,3.9,0,0,0,0,0,0,0,0,0,0,0,0,0,0,0.0,0.0,0.0,0.0,0.0,0.0,0.0,-0.5,0.7,False
76,Bevan,Owen Bevan,Bournemouth,DEF,a,3.9,0,0,0,0,0,0,0,0,0,0,0,0,0,0,0.0,0.0,0.0,0.0,0.0,0.0,0.0,-0.5,0.2,False
75,Akinmboni,Matai Akinmboni,Bournemouth,DEF,a,3.9,0,0,0,0,0,0,0,0,0,0,0,0,0,0,0.0,0.0,0.0,0.0,0.0,0.0,0.0,-0.5,0.3,False
71,Zabarnyi,Illia Zabarnyi,Bournemouth,DEF,u,5.0,0,0,0,0,0,0,0,0,0,0,0,0,0,0,0.0,0.0,0.0,0.0,0.0,0.0,0.0,0.0,0.0,False
70,Paulsen,Alex Paulsen,Bournemouth,GKP,u,4.0,0,0,0,0,0,0,0,0,0,0,0,0,0,0,0.0,0.0,0.0,0.0,0.0,0.0,0.0,0.0,0.1,False
69,McKenna,Callan McKenna,Bournemouth,GKP,a,4.0,0,0,0,0,0,0,0,0,0,0,0,0,0,0,0.0,0.0,0.0,0.0,0.0,0.0,0.0,-0.5,0.2,False
68,Dennis,Will Dennis,Bournemouth,GKP,a,4.0,0,0,0,0,0,0,0,0,0,0,0,0,0,0,0.0,0.0,0.0,0.0,0.0,0.0,0.0,-0.5,1.0,False
534,Anderson,Joe Anderson,Sunderland,DEF,a,3.9,0,0,0,0,0,0,0,0,0,0,0,0,0,0,0.0,0.0,0.0,0.0,0.0,0.0,-1.0,-0.5,0.4,False
533,Alese,Aji Alese,Sunderland,DEF,d,4.0,0,0,0,0,0,0,0,0,0,0,0,0,0,0,0.0,0.0,0.0,0.0,0.0,0.0,0.0,-0.2,0.0,False
530,Nna Noukeu,Blondy Nna Noukeu,Sunderland,GKP,a,4.0,0,0,0,0,0,0,0,0,0,0,0,0,0,0,0.0,0.0,0.0,0.0,0.0,0.0,-1.0,-0.5,0.1,False
529,Moore,Simon Moore,Sunderland,GKP,a,4.0,0,0,0,0,0,0,0,0,0,0,0,0,0,0,0.0,0.0,0.0,0.0,0.0,0.0,-1.0,-0.5,0.4,False
528,Patterson,Anthony Patterson,Sunderland,GKP,a,4.3,0,0,0,0,0,0,0,0,0,0,0,0,0,0,0.0,0.0,0.0,0.0,0.0,0.0,-1.0,-0.5,0.2,False
729,Cuiabano,Luis Eduardo Soares da Silva,Nott'm Forest,DEF,u,4.5,0,0,0,0,0,0,0,0,0,0,0,0,0,0,0.0,0.0,0.0,0.0,0.0,0.0,0.0,0.0,0.0,False
31,G.Jesus,Gabriel Fernando de Jesus,Arsenal,FWD,i,6.4,0,0,0,0,0,0,0,0,0,0,0,0,0,0,0.0,0.0,0.0,0.0,0.0,0.0,0.0,0.0,0.0,False
557,H.Jones,Harrison Jones,Sunderland,MID,a,4.4,0,0,0,0,0,0,0,0,0,0,0,0,0,0,0.0,0.0,0.0,0.0,0.0,0.0,-1.0,-0.5,0.1,False
556,Ekwah,Pierre Ekwah Elimby,Sunderland,MID,u,4.5,0,0,0,0,0,0,0,0,0,0,0,0,0,0,0.0,0.0,0.0,0.0,0.0,0.0,0.0,0.0,0.0,False
555,Browne,Alan Browne,Sunderland,MID,u,4.5,0,0,0,0,0,0,0,0,0,0,0,0,0,0,0.0,0.0,0.0,0.0,0.0,0.0,0.0,0.0,0.0,False
554,Ba,Abdoullah Ba,Sunderland,MID,a,4.3,0,0,0,0,0,0,0,0,0,0,0,0,0,0,0.0,0.0,0.0,0.0,0.0,0.0,-1.0,-0.5,0.2,False
550,Poveda,Ian Poveda-Ocampo,Sunderland,MID,a,4.8,0,0,0,0,0,0,0,0,0,0,0,0,0,0,0.0,0.0,0.0,0.0,0.0,0.0,-1.0,-0.5,0.0,False
309,Metcalfe,Jenson Metcalfe,Everton,MID,u,4.5,0,0,0,0,0,0,0,0,0,0,0,0,0,0,0.0,0.0,0.0,0.0,0.0,0.0,0.0,0.0,0.0,False
548,Mundle,Romaine Mundle,Sunderland,MID,i,4.9,0,0,0,0,0,0,0,0,0,0,0,0,0,0,0.0,0.0,0.0,0.0,0.0,0.0,0.0,0.0,0.0,False
546,Aleksić,Milan Aleksić,Sunderland,MID,u,4.9,0,0,0,0,0,0,0,0,0,0,0,0,0,0,0.0,0.0,0.0,0.0,0.0,0.0,0.0,0.0,0.0,False
308,Heath,Isaac Heath,Everton,MID,u,4.5,0,0,0,0,0,0,0,0,0,0,0,0,0,0,0.0,0.0,0.0,0.0,0.0,0.0,0.0,0.0,0.0,False
307,Ebere,Coby Ebere,Everton,MID,a,4.4,0,0,0,0,0,0,0,0,0,0,0,0,0,0,0.0,0.0,0.0,0.0,0.0,0.0,0.0,0.5,0.0,False
540,Pembele,Timothée Pembélé,Sunderland,DEF,a,3.9,0,0,0,0,0,0,0,0,0,0,0,0,0,0,0.0,0.0,0.0,0.0,0.0,0.0,-1.0,-0.5,0.4,False
539,O'Nien,Luke O'Nien,Sunderland,DEF,a,4.0,0,0,0,0,0,0,0,0,0,0,0,0,0,0,0.0,0.0,0.0,0.0,0.0,0.0,-1.0,-0.5,0.0,False
538,Johnson,Zak Johnson,Sunderland,DEF,a,3.9,0,0,0,0,0,0,0,0,0,0,0,0,0,0,0.0,0.0,0.0,0.0,0.0,0.0,-1.0,-0.5,0.3,False
537,Huggins,Niall Huggins,Sunderland,DEF,u,4.0,0,0,0,0,0,0,0,0,0,0,0,0,0,0,0.0,0.0,0.0,0.0,0.0,0.0,0.0,0.0,0.1,False
536,Hjelde,Leo Fuhr Hjelde,Sunderland,DEF,d,4.0,0,0,0,0,0,0,0,0,0,0,0,0,0,0,0.0,0.0,0.0,0.0,0.0,0.0,0.0,-0.2,0.0,False
535,Cirkin,Dennis Cirkin,Sunderland,DEF,d,4.0,0,0,0,0,0,0,0,0,0,0,0,0,0,0,0.0,0.0,0.0,0.0,0.0,0.0,0.0,-0.2,0.0,False
566,Austin,Brandon Austin,Spurs,GKP,a,3.9,0,0,0,0,0,0,0,0,0,0,0,0,0,0,0.0,0.0,0.0,0.0,0.0,0.0,0.0,-0.5,0.3,False
306,Bates,Callum Bates,Everton,MID,a,4.4,0,0,0,0,0,0,0,0,0,0,0,0,0,0,0.0,0.0,0.0,0.0,0.0,0.0,0.0,0.5,0.1,False
66,Neto,Norberto Murara Neto,Bournemouth,GKP,u,4.5,0,0,0,0,0,0,0,0,0,0,0,0,0,0,0.0,0.0,0.0,0.0,0.0,0.0,0.0,0.0,0.1,False
664,Lecomte,Benjamin Lecomte,Fulham,GKP,a,4.0,0,0,0,0,0,0,0,0,0,0,0,0,0,0,0.0,0.0,0.0,0.0,0.0,0.0,-0.5,0.0,0.6,False
219,Obafemi,Michael Obafemi,Burnley,FWD,u,4.4,0,0,0,0,0,0,0,0,0,0,0,0,0,0,0.0,0.0,0.0,0.0,0.0,0.0,0.0,0.0,0.2,False
336,Reed,Harrison Reed,Fulham,MID,a,4.4,0,0,0,0,0,0,0,0,0,0,0,0,0,0,0.0,0.0,0.0,0.0,0.0,0.0,-0.5,0.0,0.2,False
216,Amdouni,Zeki Amdouni,Burnley,FWD,i,4.9,0,0,0,0,0,0,0,0,0,0,0,0,0,0,0.0,0.0,0.0,0.0,0.0,0.0,0.0,0.0,0.0,False
214,Trésor,Mike Trésor Ndayishimiye,Burnley,MID,a,4.4,0,0,0,0,0,0,0,0,0,0,0,0,0,0,0.0,0.0,0.0,0.0,0.0,0.0,-0.5,-1.0,0.1,False
213,Banel,Jaydon Banel,Burnley,MID,a,4.5,0,0,0,0,0,0,0,0,0,0,0,0,0,0,0.0,0.0,0.0,0.0,0.0,0.0,-0.5,-1.0,0.0,False
212,Adewumi,Oluwaseun Adewumi,Burnley,MID,u,4.5,0,0,0,0,0,0,0,0,0,0,0,0,0,0,0.0,0.0,0.0,0.0,0.0,0.0,0.0,0.0,0.0,False
211,A.Ramsey,Aaron Ramsey,Burnley,MID,u,4.4,0,0,0,0,0,0,0,0,0,0,0,0,0,0,0.0,0.0,0.0,0.0,0.0,0.0,0.0,0.0,2.3,False
564,Rusyn,Nazarii Rusyn,Sunderland,FWD,u,4.4,0,0,0,0,0,0,0,0,0,0,0,0,0,0,0.0,0.0,0.0,0.0,0.0,0.0,0.0,0.0,0.1,False
563,Luís Hemir,Luís Hemir Silva Semedo,Sunderland,FWD,u,4.4,0,0,0,0,0,0,0,0,0,0,0,0,0,0,0.0,0.0,0.0,0.0,0.0,0.0,0.0,0.0,0.1,False
562,Abdullahi,Ahmed Abdullahi,Sunderland,FWD,a,4.3,0,0,0,0,0,0,0,0,0,0,0,0,0,0,0.0,0.0,0.0,0.0,0.0,0.0,-1.0,-0.5,0.4,False
559,Triantis,Nectarios Triantis,Sunderland,MID,u,4.4,0,0,0,0,0,0,0,0,0,0,0,0,0,0,0.0,0.0,0.0,0.0,0.0,0.0,0.0,0.0,0.0,False
334,Harris,Luke Harris,Fulham,MID,u,4.5,0,0,0,0,0,0,0,0,0,0,0,0,0,0,0.0,0.0,0.0,0.0,0.0,0.0,0.0,0.0,0.0,False
577,Takai,Takai Kōta,Spurs,DEF,i,4.0,0,0,0,0,0,0,0,0,0,0,0,0,0,0,0.0,0.0,0.0,0.0,0.0,0.0,0.0,0.0,0.1,False
576,Phillips,Ashley Phillips,Spurs,DEF,u,4.0,0,0,0,0,0,0,0,0,0,0,0,0,0,0,0.0,0.0,0.0,0.0,0.0,0.0,0.0,0.0,0.0,False
208,Koleosho,Luca Koleosho,Burnley,MID,u,5.0,0,0,0,0,0,0,0,0,0,0,0,0,0,0,0.0,0.0,0.0,0.0,0.0,0.0,0.0,0.0,0.0,False
333,Godo,Martial Godo,Fulham,MID,u,4.5,0,0,0,0,0,0,0,0,0,0,0,0,0,0,0.0,0.0,0.0,0.0,0.0,0.0,0.0,0.0,0.0,False
204,Churlinov,Darko Churlinov,Burnley,MID,u,4.9,0,0,0,0,0,0,0,0,0,0,0,0,0,0,0.0,0.0,0.0,0.0,0.0,0.0,0.0,0.0,0.0,False
203,Boateng,Enock Agyei,Burnley,MID,a,4.8,0,0,0,0,0,0,0,0,0,0,0,0,0,0,0.0,0.0,0.0,0.0,0.0,0.0,-0.5,-1.0,0.0,False
201,Benson,Manuel Benson Hedilazio,Burnley,MID,u,5.4,0,0,0,0,0,0,0,0,0,0,0,0,0,0,0.0,0.0,0.0,0.0,0.0,0.0,0.0,0.0,0.0,False
327,Andreas,Andreas Hoelgebaum Pereira,Fulham,MID,u,5.3,0,0,0,0,0,0,0,0,0,0,0,0,0,0,0.0,0.0,0.0,0.0,0.0,0.0,0.0,0.0,0.1,False
323,Amissah,Samuel Amissah,Fulham,DEF,a,3.9,0,0,0,0,0,0,0,0,0,0,0,0,0,0,0.0,0.0,0.0,0.0,0.0,0.0,-0.5,0.0,0.1,False
196,Sambo,Shurandy Sambo,Burnley,DEF,u,4.0,0,0,0,0,0,0,0,0,0,0,0,0,0,0,0.0,0.0,0.0,0.0,0.0,0.0,0.0,0.0,0.0,False
195,Lucas Pires,Lucas Pires Silva,Burnley,DEF,a,3.9,0,0,0,0,0,0,0,0,0,0,0,0,0,0,0.0,0.0,0.0,0.0,0.0,0.0,-0.5,-1.0,0.2,False
194,Jordan,Jordan Beyer,Burnley,DEF,i,4.0,0,0,0,0,0,0,0,0,0,0,0,0,0,0,0.0,0.0,0.0,0.0,0.0,0.0,0.0,0.0,0.1,False
193,Humphreys,Bashir Humphreys,Burnley,DEF,a,4.0,0,2,0,0,0,2,0,0,0,0,0,0,0,-5,0.2,0.0,0.0,0.0,0.0,0.0,-0.5,-1.0,0.1,False
572,Dragusin,Radu Drăgușin,Spurs,DEF,i,4.5,0,0,0,0,0,0,0,0,0,0,0,0,0,0,0.0,0.0,0.0,0.0,0.0,0.0,0.0,0.0,0.0,False
571,Davies,Ben Davies,Spurs,DEF,i,4.3,0,0,0,0,0,0,0,0,0,0,0,0,0,0,0.0,0.0,0.0,0.0,0.0,0.0,0.0,0.0,0.1,False
567,Kinsky,Antonín Kinský,Spurs,GKP,a,3.9,0,0,0,0,0,0,0,0,0,0,0,0,0,0,0.0,0.0,0.0,0.0,0.0,0.0,0.0,-0.5,2.0,False
745,Byfield,Jun'ai Byfield,Spurs,DEF,a,4.0,0,0,0,0,0,0,0,0,0,0,0,0,0,0,0.0,0.0,0.0,0.0,0.0,0.0,0.0,-0.5,0.0,False
315,Benda,Steven Benda,Fulham,GKP,u,4.0,0,0,0,0,0,0,0,0,0,0,0,0,0,0,0.0,0.0,0.0,0.0,0.0,0.0,0.0,0.0,0.0,False
599,Scarlett,Dane Scarlett,Spurs,FWD,a,4.4,0,0,0,0,0,0,0,0,0,0,0,0,0,0,0.0,0.0,0.0,0.0,0.0,0.0,0.0,-0.5,0.6,False
598,Lankshear,Will Lankshear,Spurs,FWD,u,4.5,0,0,0,0,0,0,0,0,0,0,0,0,0,0,0.0,0.0,0.0,0.0,0.0,0.0,0.0,0.0,0.0,False
296,Patterson,Nathan Patterson,Everton,DEF,i,4.4,0,0,0,0,0,0,0,0,0,0,0,0,0,0,0.0,0.0,0.0,0.0,0.0,0.0,0.0,0.0,0.0,False
595,Olusesi,Callum Olusesi,Spurs,MID,a,4.4,0,0,0,0,0,0,0,0,0,0,0,0,0,0,0.0,0.0,0.0,0.0,0.0,0.0,0.0,-0.5,0.2,False
594,Min-hyeok,Yang Min-hyeok,Spurs,MID,u,4.5,0,0,0,0,0,0,0,0,0,0,0,0,0,0,0.0,0.0,0.0,0.0,0.0,0.0,0.0,0.0,0.0,False
592,Moore,Mikey Moore,Spurs,MID,u,5.0,0,0,0,0,0,0,0,0,0,0,0,0,0,0,0.0,0.0,0.0,0.0,0.0,0.0,0.0,0.0,0.0,False
290,Branthwaite,Jarrad Branthwaite,Everton,DEF,i,5.3,0,0,0,0,0,0,0,0,0,0,0,0,0,0,0.0,0.0,0.0,0.0,0.0,0.0,0.0,0.0,0.2,False
590,Bryan,Bryan Gil Salvatierra,Spurs,MID,u,4.9,0,0,0,0,0,0,0,0,0,0,0,0,0,0,0.0,0.0,0.0,0.0,0.0,0.0,0.0,0.0,0.0,False
589,Solomon,Manor Solomon,Spurs,MID,u,5.4,0,0,0,0,0,0,0,0,0,0,0,0,0,0,0.0,0.0,0.0,0.0,0.0,0.0,0.0,0.0,0.0,False
587,Bissouma,Yves Bissouma,Spurs,MID,i,5.2,0,0,0,0,0,0,0,0,0,0,0,0,0,0,0.0,0.0,0.0,0.0,0.0,0.0,0.0,0.0,0.0,False
583,Kulusevski,Dejan Kulusevski,Spurs,MID,i,6.4,0,0,0,0,0,0,0,0,0,0,0,0,0,0,0.0,0.0,0.0,0.0,0.0,0.0,0.0,0.0,0.0,False
581,Maddison,James Maddison,Spurs,MID,i,6.9,0,0,0,0,0,0,0,0,0,0,0,0,0,0,0.0,0.0,0.0,0.0,0.0,0.0,0.0,0.0,0.1,False
579,Son,Son Heung-min,Spurs,MID,u,8.5,0,0,0,0,0,0,0,0,0,0,0,0,0,0,0.0,0.0,0.0,0.0,0.0,0.0,0.0,0.0,0.1,False
578,Vuskovic,Luka Vušković,Spurs,DEF,u,3.9,0,0,0,0,0,0,0,0,0,0,0,0,0,0,0.0,0.0,0.0,0.0,0.0,0.0,0.0,0.0,0.4,False
604,Emerson,Emerson Palmieri dos Santos,West Ham,DEF,u,4.4,0,0,0,0,0,0,0,0,0,0,0,0,0,0,0.0,0.0,0.0,0.0,0.0,0.0,0.0,0.0,0.1,False
602,Hegyi,Krisztián Hegyi,West Ham,GKP,a,4.0,0,0,0,0,0,0,0,0,0,0,0,0,0,0,0.0,0.0,0.0,0.0,0.0,0.0,0.5,-0.5,0.2,False
189,Dodgson,Owen Dodgson,Burnley,DEF,u,4.0,0,0,0,0,0,0,0,0,0,0,0,0,0,0,0.0,0.0,0.0,0.0,0.0,0.0,0.0,0.0,0.0,False
188,Delcroix,Hannes Delcroix,Burnley,DEF,a,3.9,0,0,0,0,0,0,0,0,0,0,0,0,0,0,0.0,0.0,0.0,0.0,0.0,0.0,-0.5,-1.0,0.2,False
186,Roberts,Connor Roberts,Burnley,DEF,i,4.4,0,0,0,0,0,0,0,0,0,0,0,0,0,0,0.0,0.0,0.0,0.0,0.0,0.0,0.0,0.0,0.0,False
185,Hladký,Václav Hladký,Burnley,GKP,a,4.0,0,0,0,0,0,0,0,0,0,0,0,0,0,0,0.0,0.0,0.0,0.0,0.0,0.0,-0.5,-1.0,0.2,False
184,Green,Etienne Green,Burnley,GKP,u,4.0,0,0,0,0,0,0,0,0,0,0,0,0,0,0,0.0,0.0,0.0,0.0,0.0,0.0,0.0,0.0,0.2,False
183,Weiss,Max Weiß,Burnley,GKP,a,4.4,0,0,0,0,0,0,0,0,0,0,0,0,0,0,0.0,0.0,0.0,0.0,0.0,0.0,-0.5,-1.0,0.1,False
289,Tyrer,Harry Tyrer,Everton,GKP,a,4.0,0,0,0,0,0,0,0,0,0,0,0,0,0,0,0.0,0.0,0.0,0.0,0.0,0.0,0.0,0.5,0.1,False
710,Patterson,Travis Patterson,Aston Villa,DEF,a,3.9,0,0,0,0,0,0,0,0,0,0,0,0,0,0,0.0,0.0,0.0,0.0,0.0,0.0,-0.5,-1.0,0.2,False
703,Proctor,Sam Proctor,Aston Villa,GKP,a,4.0,0,0,0,0,0,0,0,0,0,0,0,0,0,0,0.0,0.0,0.0,0.0,0.0,0.0,-0.5,-1.0,0.2,False
288,Travers,Mark Travers,Everton,GKP,a,4.4,0,0,0,0,0,0,0,0,0,0,0,0,0,0,0.0,0.0,0.0,0.0,0.0,0.0,0.0,0.5,0.1,False
701,Rowe,Triston Rowe,Aston Villa,DEF,u,4.0,0,0,0,0,0,0,0,0,0,0,0,0,0,0,0.0,0.0,0.0,0.0,0.0,0.0,0.0,0.0,0.1,False
688,Wright,James Wright,Aston Villa,GKP,a,4.0,0,0,0,0,0,0,0,0,0,0,0,0,0,0,0.0,0.0,0.0,0.0,0.0,0.0,-0.5,-1.0,0.5,False
601,Foderingham,Wes Foderingham,West Ham,GKP,u,4.0,0,0,0,0,0,0,0,0,0,0,0,0,0,0,0.0,0.0,0.0,0.0,0.0,0.0,0.0,0.0,0.3,False
558,Matete,Jay Matete,Sunderland,MID,a,4.4,0,0,0,0,0,0,0,0,0,0,0,0,0,0,0.0,0.0,0.0,0.0,0.0,0.0,-1.0,-0.5,0.2,False
349,Schmidt,Isaac Schmidt,Leeds,DEF,u,4.0,0,0,0,0,0,0,0,0,0,0,0,0,0,0,0.0,0.0,0.0,0.0,0.0,0.0,0.0,0.0,0.1,False
65,Redmond,Zépiqueno Redmond,Aston Villa,FWD,u,4.5,0,0,0,0,0,0,0,0,0,0,0,0,0,0,0.0,0.0,0.0,0.0,0.0,0.0,0.0,0.0,0.4,False
63,Young,Kadan Young,Aston Villa,MID,a,4.4,0,0,0,0,0,0,0,0,0,0,0,0,0,0,0.0,0.0,0.0,0.0,0.0,0.0,-0.5,-1.0,0.6,False
62,Jimoh-Aloba,Jamaldeen Jimoh-Aloba,Aston Villa,MID,a,4.5,0,0,0,0,0,0,0,0,0,0,0,0,0,0,0.0,0.0,0.0,0.0,0.0,0.0,-0.5,-1.0,0.1,False
61,Dendoncker,Leander Dendoncker,Aston Villa,MID,u,4.5,0,0,0,0,0,0,0,0,0,0,0,0,0,0,0.0,0.0,0.0,0.0,0.0,0.0,0.0,0.0,0.1,False
60,Broggio,Ben Broggio,Aston Villa,MID,a,4.5,0,0,0,0,0,0,0,0,0,0,0,0,0,0,0.0,0.0,0.0,0.0,0.0,0.0,-0.5,-1.0,0.3,False
57,Dobbin,Lewis Dobbin,Aston Villa,MID,u,5.0,0,0,0,0,0,0,0,0,0,0,0,0,0,0,0.0,0.0,0.0,0.0,0.0,0.0,0.0,0.0,0.0,False
56,Barrenechea,Enzo Barrenechea,Aston Villa,MID,u,5.0,0,0,0,0,0,0,0,0,0,0,0,0,0,0,0.0,0.0,0.0,0.0,0.0,0.0,0.0,0.0,0.0,False
345,Bornauw,Sebastiaan Bornauw,Leeds,DEF,a,3.9,0,0,0,0,0,0,0,0,0,0,0,0,0,0,0.0,0.0,0.0,0.0,0.0,0.0,-0.5,-0.5,0.1,False
617,Cornet,Maxwel Cornet,West Ham,MID,u,4.9,0,0,0,0,0,0,0,0,0,0,0,0,0,0,0.0,0.0,0.0,0.0,0.0,0.0,0.0,0.0,0.0,False
616,Álvarez,Edson Álvarez Velázquez,West Ham,MID,u,4.9,0,0,0,0,0,0,0,0,0,0,0,0,0,0,0.0,0.0,0.0,0.0,0.0,0.0,0.0,0.0,0.1,False
611,Casey,Kaelan Casey,West Ham,DEF,u,4.0,0,0,0,0,0,0,0,0,0,0,0,0,0,0,0.0,0.0,0.0,0.0,0.0,0.0,0.0,0.0,0.1,False
340,Cairns,Alex Cairns,Leeds,GKP,a,4.0,0,0,0,0,0,0,0,0,0,0,0,0,0,0,0.0,0.0,0.0,0.0,0.0,0.0,-0.5,-0.5,0.2,False
339,Meslier,Illan Meslier,Leeds,GKP,a,4.3,0,0,0,0,0,0,0,0,0,0,0,0,0,0,0.0,0.0,0.0,0.0,0.0,0.0,-0.5,-0.5,0.4,False
704,Onyango,Tyler Onyango,Everton,MID,u,4.5,0,0,0,0,0,0,0,0,0,0,0,0,0,0,0.0,0.0,0.0,0.0,0.0,0.0,0.0,0.0,0.1,False
667,Aznou,Adam Aznou,Everton,DEF,a,4.3,0,0,0,0,0,0,0,0,0,0,0,0,0,0,0.0,0.0,0.0,0.0,0.0,0.0,0.0,0.5,0.1,False
13,Clarke,Brayden Clarke,Arsenal,DEF,a,3.9,0,0,0,0,0,0,0,0,0,0,0,0,0,0,0.0,0.0,0.0,0.0,0.0,0.0,0.5,1.0,0.5,False
705,Campbell,Elijah Campbell,Everton,DEF,a,4.0,0,0,0,0,0,0,0,0,0,0,0,0,0,0,0.0,0.0,0.0,0.0,0.0,0.0,0.0,0.5,0.2,False
658,Fraser,Nathan Fraser,Wolves,FWD,a,4.4,0,0,0,0,0,0,0,0,0,0,0,0,0,0,0.0,0.0,0.0,0.0,0.0,0.0,0.5,0.0,2.0,False
657,Chiwome,Leon Chiwome,Wolves,FWD,i,4.4,0,0,0,0,0,0,0,0,0,0,0,0,0,0,0.0,0.0,0.0,0.0,0.0,0.0,0.0,0.0,0.0,False
630,King,Tom King,Everton,GKP,a,3.9,0,0,0,0,0,0,0,0,0,0,0,0,0,0,0.0,0.0,0.0,0.0,0.0,0.0,0.0,0.5,1.2,False
655,Fábio Silva,Fábio Soares Silva,Wolves,FWD,u,4.9,0,0,0,0,0,0,0,0,0,0,0,0,0,0,0.0,0.0,0.0,0.0,0.0,0.0,0.0,0.0,0.2,False
653,Hodge,Joe Hodge,Wolves,MID,u,4.5,0,0,0,0,0,0,0,0,0,0,0,0,0,0,0.0,0.0,0.0,0.0,0.0,0.0,0.0,0.0,0.0,False
652,Gonzalez,Enso González Medina,Wolves,MID,a,4.4,0,0,0,0,0,0,0,0,0,0,0,0,0,0,0.0,0.0,0.0,0.0,0.0,0.0,0.5,0.0,1.5,False
651,Edozie,Tom Edozie,Wolves,MID,a,4.4,0,0,0,0,0,0,0,0,0,0,0,0,0,0,0.0,0.0,0.0,0.0,0.0,0.0,0.5,0.0,0.4,False
650,Chirewa,Tawanda Chirewa,Wolves,MID,a,4.4,0,0,0,0,0,0,0,0,0,0,0,0,0,0,0.0,0.0,0.0,0.0,0.0,0.0,0.5,0.0,0.3,False
649,B.Traore,Boubacar Traoré,Wolves,MID,u,5.0,0,0,0,0,0,0,0,0,0,0,0,0,0,0,0.0,0.0,0.0,0.0,0.0,0.0,0.0,0.0,0.0,False
647,Guedes,Gonçalo Manuel Ganchinho Guedes,Wolves,MID,u,5.5,0,0,0,0,0,0,0,0,0,0,0,0,0,0,0.0,0.0,0.0,0.0,0.0,0.0,0.0,0.0,0.0,False
313,Sherif,Martin Sherif,Everton,FWD,u,4.4,0,0,0,0,0,0,0,0,0,0,0,0,0,0,0.0,0.0,0.0,0.0,0.0,0.0,0.0,0.0,0.1,False
23,Fábio Vieira,Fábio Ferreira Vieira,Arsenal,MID,u,5.4,0,0,0,0,0,0,0,0,0,0,0,0,0,0,0.0,0.0,0.0,0.0,0.0,0.0,0.0,0.0,0.0,False
15,Nichols,Josh Nichols,Arsenal,DEF,a,3.9,0,0,0,0,0,0,0,0,0,0,0,0,0,0,0.0,0.0,0.0,0.0,0.0,0.0,0.5,1.0,0.2,False
312,Y.Chermiti,Youssef Ramalho Chermiti,Everton,FWD,u,4.9,0,0,0,0,0,0,0,0,0,0,0,0,0,0,0.0,0.0,0.0,0.0,0.0,0.0,0.0,0.0,0.1,False
369,Woodman,Freddie Woodman,Liverpool,GKP,a,3.9,0,0,0,0,0,0,0,0,0,0,0,0,0,0,0.0,0.0,0.0,0.0,0.0,0.0,1.0,1.0,0.2,False
28,Kabia,Ismeal Kabia,Arsenal,MID,u,4.5,0,0,0,0,0,0,0,0,0,0,0,0,0,0,0.0,0.0,0.0,0.0,0.0,0.0,0.0,0.0,0.1,False
51,Iling Jr,Samuel Iling-Junior,Aston Villa,MID,u,5.5,0,0,0,0,0,0,0,0,0,0,0,0,0,0,0.0,0.0,0.0,0.0,0.0,0.0,0.0,0.0,0.0,False
49,Bailey,Leon Bailey,Aston Villa,MID,u,5.5,0,0,0,0,0,0,0,0,0,0,0,0,0,0,0.0,0.0,0.0,0.0,0.0,0.0,0.0,0.0,0.1,False
46,Yasin,Yasin Özcan,Aston Villa,DEF,u,4.0,0,0,0,0,0,0,0,0,0,0,0,0,0,0,0.0,0.0,0.0,0.0,0.0,0.0,0.0,0.0,0.1,False
45,Sousa,Lino da Cruz Sousa,Aston Villa,DEF,a,4.0,0,0,0,0,0,0,0,0,0,0,0,0,0,0,0.0,0.0,0.0,0.0,0.0,0.0,-0.5,-1.0,0.3,False
43,Alex Moreno,Álex Moreno Lopera,Aston Villa,DEF,u,4.0,0,0,0,0,0,0,0,0,0,0,0,0,0,0,0.0,0.0,0.0,0.0,0.0,0.0,0.0,0.0,2.5,False
42,A.García,Andrés García,Aston Villa,DEF,d,3.9,0,0,0,0,0,0,0,0,0,0,0,0,0,0,0.0,0.0,0.0,0.0,0.0,0.0,-0.1,-0.2,0.3,False
738,Fabianski,Lukasz Fabianski,West Ham,GKP,a,4.5,0,0,0,0,0,0,0,0,0,0,0,0,0,0,0.0,0.0,0.0,0.0,0.0,0.0,0.5,-0.5,0.0,False
368,Pécsi,Ármin Pécsi,Liverpool,GKP,a,3.9,0,0,0,0,0,0,0,0,0,0,0,0,0,0,0.0,0.0,0.0,0.0,0.0,0.0,1.0,1.0,0.4,False
741,Gray,Harry Gray,Leeds,FWD,a,4.5,0,0,0,0,0,0,0,0,0,0,0,0,0,0,0.0,0.0,0.0,0.0,0.0,0.0,-0.5,-0.5,0.1,False
622,Orford,Lewis Orford,West Ham,MID,u,4.4,0,0,0,0,0,0,0,0,0,0,0,0,0,0,0.0,0.0,0.0,0.0,0.0,0.0,0.0,0.0,0.1,False
620,Earthy,George Earthy,West Ham,MID,i,4.5,0,0,0,0,0,0,0,0,0,0,0,0,0,0,0.0,0.0,0.0,0.0,0.0,0.0,0.0,0.0,0.0,False
364,Mateo Joseph,Mateo Joseph Fernández-Regatillo,Leeds,FWD,u,5.0,0,0,0,0,0,0,0,0,0,0,0,0,0,0,0.0,0.0,0.0,0.0,0.0,0.0,0.0,0.0,0.0,False
363,Bamford,Patrick Bamford,Leeds,FWD,u,4.9,0,0,0,0,0,0,0,0,0,0,0,0,0,0,0.0,0.0,0.0,0.0,0.0,0.0,0.0,0.0,0.4,False
14,Kacurri,Maldini Kacurri,Arsenal,DEF,u,3.9,0,0,0,0,0,0,0,0,0,0,0,0,0,0,0.0,0.0,0.0,0.0,0.0,0.0,0.0,0.0,0.1,False
